variant,seed,HV,IGD_plus,HF_calls_to_90pct_oracle_HV
Full MF-BCL-SAEA,1,0.9107455858654546,0.003456612434245492,107
Full MF-BCL-SAEA,2,0.9209713177767523,0.003609483833213456,106
Full MF-BCL-SAEA,3,0.9157661050868221,0.004120912577442267,106
Full MF-BCL-SAEA,4,0.9080337220842573,0.0037566443923334487,118
Full MF-BCL-SAEA,5,0.9154107658809453,0.004156222631222311,99
Full MF-BCL-SAEA,6,0.9162573022343695,0.0033685898607384605,111
Full MF-BCL-SAEA,7,0.9099079291103264,0.0037489594708607606,100
Full MF-BCL-SAEA,8,0.9154831506744526,0.0038558601611690694,97
Full MF-BCL-SAEA,9,0.9215476310247175,0.0038900803066186608,109
Full MF-BCL-SAEA,10,0.9154093896815425,0.004162641206240313,106
Full MF-BCL-SAEA,11,0.9139942170365293,0.0031182927739953556,107
Full MF-BCL-SAEA,12,0.9110535049839819,0.004091242788027383,101
Full MF-BCL-SAEA,13,0.9169497453892553,0.0040830392592268085,114
Full MF-BCL-SAEA,14,0.9161638398628578,0.0033369495722763987,111
Full MF-BCL-SAEA,15,0.91602080601779,0.004101597861042707,109
Full MF-BCL-SAEA,16,0.9180367962692008,0.003941938254385496,107
Full MF-BCL-SAEA,17,0.9113731963508109,0.004030022669936218,94
Full MF-BCL-SAEA,18,0.915423225174854,0.003431300114601288,100
Full MF-BCL-SAEA,19,0.9061918814384923,0.004009446664407283,101
Full MF-BCL-SAEA,20,0.912087152567615,0.004221550186181002,103
Full MF-BCL-SAEA,21,0.9097930084524931,0.0038101049596374146,102
Full MF-BCL-SAEA,22,0.9160594707470009,0.004010919725275775,106
Full MF-BCL-SAEA,23,0.9146135258398997,0.003702665693612858,95
Full MF-BCL-SAEA,24,0.9107955032908372,0.0035782495434390793,104
Full MF-BCL-SAEA,25,0.9133815953937515,0.0034129202721000463,113
Full MF-BCL-SAEA,26,0.9165366691855994,0.00386494640717193,109
Full MF-BCL-SAEA,27,0.9171056445533134,0.0030744488871338824,100
Full MF-BCL-SAEA,28,0.9138723122205479,0.003908502283155869,112
Full MF-BCL-SAEA,29,0.9129756509313512,0.003952247654387296,107
Full MF-BCL-SAEA,30,0.9179264989433632,0.0037550839710141777,113
− physical descriptors,1,0.9050542623746354,0.007010176483905589,123
− physical descriptors,2,0.8924794893308107,0.006284480587805668,133
− physical descriptors,3,0.8951744250162883,0.005924493660735042,145
− physical descriptors,4,0.907763841865435,0.007410750715199466,127
− physical descriptors,5,0.8993118706676265,0.006572775540459182,136
− physical descriptors,6,0.8966346148902012,0.006201935267271655,134
− physical descriptors,7,0.8875034840737155,0.006574067525548919,128
− physical descriptors,8,0.8968506227518163,0.005906589466930827,134
− physical descriptors,9,0.8905057729127952,0.006242188836154401,128
− physical descriptors,10,0.8844238062362274,0.006702653606637896,117
− physical descriptors,11,0.8974425978019055,0.007951564543064829,130
− physical descriptors,12,0.9005229689254197,0.007792103403358956,128
− physical descriptors,13,0.8926340875700574,0.005623787157289439,134
− physical descriptors,14,0.8887397891818135,0.006189331268160041,134
− physical descriptors,15,0.9007058561493081,0.006486398526114276,120
− physical descriptors,16,0.8984401197413127,0.006311690172356023,129
− physical descriptors,17,0.8954011553007902,0.007512957393120412,131
− physical descriptors,18,0.9090951266901266,0.007001021042617343,131
− physical descriptors,19,0.895088020825204,0.006199548634971602,131
− physical descriptors,20,0.8983758894437447,0.005835227635198231,122
− physical descriptors,21,0.8935423918936833,0.007174382835265404,129
− physical descriptors,22,0.8959617513856682,0.007618229095449331,129
− physical descriptors,23,0.9034125909436906,0.007112757097789102,128
− physical descriptors,24,0.9024208568141742,0.006804569892523244,126
− physical descriptors,25,0.9084223632821539,0.008051416948441548,133
− physical descriptors,26,0.8884320768654664,0.005929091970488993,130
− physical descriptors,27,0.8945122922872488,0.0064260069279246795,135
− physical descriptors,28,0.9001628908378645,0.00679404218289173,132
− physical descriptors,29,0.9003940726521779,0.0057928077865788815,127
− physical descriptors,30,0.9018779835882347,0.006774267921874427,129
− multi-fidelity residual calibration,1,0.8871225575118927,0.007880948430490123,145
− multi-fidelity residual calibration,2,0.8862791293067621,0.007052622497836801,151
− multi-fidelity residual calibration,3,0.8879344383452461,0.010561390007732947,149
− multi-fidelity residual calibration,4,0.8905321369945044,0.00823387623873516,157
− multi-fidelity residual calibration,5,0.87556260515415,0.008166708823356605,141
− multi-fidelity residual calibration,6,0.8917633059573601,0.008653488026702722,145
− multi-fidelity residual calibration,7,0.8847598997064714,0.008301444073482975,146
− multi-fidelity residual calibration,8,0.8941393086205813,0.009091654143316473,148
− multi-fidelity residual calibration,9,0.8918710635666545,0.00940208528626644,152
− multi-fidelity residual calibration,10,0.8912533384884588,0.009336478086957183,138
− multi-fidelity residual calibration,11,0.8874724405095504,0.008109385996494257,155
− multi-fidelity residual calibration,12,0.8939334094879614,0.009719163839712355,142
− multi-fidelity residual calibration,13,0.8900453273006758,0.008184082403412389,160
− multi-fidelity residual calibration,14,0.8944676026925134,0.00789011296739118,148
− multi-fidelity residual calibration,15,0.8769731162785273,0.007716355997175703,140
− multi-fidelity residual calibration,16,0.8911785830204643,0.007739633791133635,152
− multi-fidelity residual calibration,17,0.8906924079211105,0.008319165411676582,151
− multi-fidelity residual calibration,18,0.8812736112296794,0.006699623449397263,143
− multi-fidelity residual calibration,19,0.8945445120194698,0.008498028226779,148
− multi-fidelity residual calibration,20,0.8797735210718475,0.0074871942659809655,148
− multi-fidelity residual calibration,21,0.8839323509478232,0.008523301055678245,148
− multi-fidelity residual calibration,22,0.8888054448485221,0.009730215606578503,142
− multi-fidelity residual calibration,23,0.8759208035622936,0.008248517497534472,142
− multi-fidelity residual calibration,24,0.8791812261796748,0.010930208001282748,147
− multi-fidelity residual calibration,25,0.8872068175963967,0.008817210559817644,156
− multi-fidelity residual calibration,26,0.8826233758907941,0.009783448154870766,150
− multi-fidelity residual calibration,27,0.8912566632052366,0.00991525402389172,148
− multi-fidelity residual calibration,28,0.8901030470389371,0.007234294397174873,144
− multi-fidelity residual calibration,29,0.8893324462827743,0.00873739871850144,138
− multi-fidelity residual calibration,30,0.8928703683822772,0.008713880498580004,137
− phase-sensitive upgrading,1,0.899589097889929,0.005965370864261345,118
− phase-sensitive upgrading,2,0.8972354661665312,0.004968599126505997,132
− phase-sensitive upgrading,3,0.895772909900321,0.006513276093026177,127
− phase-sensitive upgrading,4,0.896035388172211,0.006088986958280459,127
− phase-sensitive upgrading,5,0.9022293905775859,0.00650791226813567,122
− phase-sensitive upgrading,6,0.9000368405898554,0.005965971330587904,120
− phase-sensitive upgrading,7,0.9022830912711941,0.0048161525639424056,132
− phase-sensitive upgrading,8,0.9005032710123374,0.005755352409941544,125
− phase-sensitive upgrading,9,0.9031501992782133,0.005764530346309247,129
− phase-sensitive upgrading,10,0.9035552974288777,0.0059021656543482,130
− phase-sensitive upgrading,11,0.9015491274894375,0.006415409611484506,131
− phase-sensitive upgrading,12,0.894016459786458,0.006734070906745352,121
− phase-sensitive upgrading,13,0.898599356613493,0.005469628692460155,126
− phase-sensitive upgrading,14,0.8943677084824972,0.008160393458778564,121
− phase-sensitive upgrading,15,0.8968616293715218,0.006177361372651455,120
− phase-sensitive upgrading,16,0.9007621080626432,0.005565070617669093,121
− phase-sensitive upgrading,17,0.907195510280148,0.006603554023935488,128
− phase-sensitive upgrading,18,0.8968989073560202,0.005837832828315887,127
− phase-sensitive upgrading,19,0.8949857397048108,0.006373943823628951,126
− phase-sensitive upgrading,20,0.9068319110010716,0.006162927708664166,124
− phase-sensitive upgrading,21,0.8976160773950694,0.0059617730455118045,120
− phase-sensitive upgrading,22,0.9040008488748827,0.006840718543295105,129
− phase-sensitive upgrading,23,0.9058006586869206,0.006117518462820427,130
− phase-sensitive upgrading,24,0.8929564472974503,0.0057736795141534085,126
− phase-sensitive upgrading,25,0.9008182762117891,0.005848689850550663,124
− phase-sensitive upgrading,26,0.9004159264325876,0.005494674505552745,125
− phase-sensitive upgrading,27,0.8943585993466509,0.0065144274652709664,127
− phase-sensitive upgrading,28,0.8995206355654678,0.00698075852912169,123
− phase-sensitive upgrading,29,0.9043839094551235,0.006844857846388499,131
− phase-sensitive upgrading,30,0.8922468277526848,0.0056996800034463495,124
− uncertainty term,1,0.8999583180654112,0.006440689471057474,108
− uncertainty term,2,0.9058210122361361,0.005875748128188313,113
− uncertainty term,3,0.8905054985389336,0.0051849785413683866,116
− uncertainty term,4,0.9067452265347011,0.005489001285926703,127
− uncertainty term,5,0.9071186704770802,0.0052278227211213606,115
− uncertainty term,6,0.9066191354336942,0.005275596191678134,120
− uncertainty term,7,0.9049616370851846,0.006067945114496809,120
− uncertainty term,8,0.9070263441635565,0.005845269528755077,118
− uncertainty term,9,0.9023253275854382,0.005369702489970965,118
− uncertainty term,10,0.8978572750713746,0.00492955084300077,122
− uncertainty term,11,0.8977325508395779,0.004988257280372794,119
− uncertainty term,12,0.9066689624359617,0.006202588953274928,113
− uncertainty term,13,0.9126507263364492,0.005647983793815671,119
− uncertainty term,14,0.9004370504733266,0.005754624525726178,122
− uncertainty term,15,0.9035044934244255,0.006269497470283141,127
− uncertainty term,16,0.9015534224121513,0.006344418780017684,124
− uncertainty term,17,0.9098354438153945,0.005797454905975162,117
− uncertainty term,18,0.9090457975248031,0.0055991540957246325,121
− uncertainty term,19,0.8989545959590847,0.005693308086467637,124
− uncertainty term,20,0.9044818445419168,0.005753360684594368,106
− uncertainty term,21,0.9083549015794603,0.005696867006675473,129
− uncertainty term,22,0.917946777138983,0.004509935156686419,120
− uncertainty term,23,0.8988441178373227,0.006113649093152112,120
− uncertainty term,24,0.895006818922761,0.005634577303272331,122
− uncertainty term,25,0.8925802125390485,0.006038332185197748,126
− uncertainty term,26,0.9039127692323131,0.005650332342632075,128
− uncertainty term,27,0.8987312508238353,0.005718203294565608,122
− uncertainty term,28,0.899166174970874,0.005468893509610137,111
− uncertainty term,29,0.9045798880500853,0.005338314187268529,124
− uncertainty term,30,0.9033516837111564,0.006115599487706031,127
fixed evolutionary operators,1,0.9098193043640745,0.005746378890205255,116
fixed evolutionary operators,2,0.898856523569451,0.00466391072738508,126
fixed evolutionary operators,3,0.9068077349925983,0.0051274407554995445,117
fixed evolutionary operators,4,0.9030281306144162,0.006257057382570964,125
fixed evolutionary operators,5,0.9105359369604547,0.005422034861383561,123
fixed evolutionary operators,6,0.9016875415779876,0.004142925631542139,132
fixed evolutionary operators,7,0.9020954843013769,0.00572954989195304,117
fixed evolutionary operators,8,0.9069746130099986,0.005853789687535787,121
fixed evolutionary operators,9,0.9044693707240897,0.005751878984634515,116
fixed evolutionary operators,10,0.9056030165487725,0.004816266876478766,123
fixed evolutionary operators,11,0.9010431421290607,0.004582732875713938,124
fixed evolutionary operators,12,0.8996203241915983,0.00554347116457861,114
fixed evolutionary operators,13,0.908233942356699,0.005353364475100665,112
fixed evolutionary operators,14,0.9184229845117285,0.005298809932559466,107
fixed evolutionary operators,15,0.8951123812789337,0.004904604239288862,119
fixed evolutionary operators,16,0.8996418940504105,0.004696442321672838,117
fixed evolutionary operators,17,0.9022453957630397,0.004748459633635943,114
fixed evolutionary operators,18,0.9042377641500036,0.005482948786092585,121
fixed evolutionary operators,19,0.9123751471351591,0.005406119363468107,125
fixed evolutionary operators,20,0.9057993389935948,0.006065973174555407,114
fixed evolutionary operators,21,0.909287549042995,0.004608411045398403,124
fixed evolutionary operators,22,0.9070388731876373,0.005264356157866683,126
fixed evolutionary operators,23,0.9029570762320329,0.005132988233655907,120
fixed evolutionary operators,24,0.9061055057128125,0.004674344278040601,119
fixed evolutionary operators,25,0.9070780026668155,0.005114340289896835,117
fixed evolutionary operators,26,0.9030944638261449,0.00506593759654416,114
fixed evolutionary operators,27,0.9045987953259942,0.005412612233549251,129
fixed evolutionary operators,28,0.9094561301989789,0.00401736480818017,106
fixed evolutionary operators,29,0.9051329348345614,0.005221665460837175,115
fixed evolutionary operators,30,0.9043588692704567,0.004677234473037695,121
− EWC,1,0.908328434496676,0.00646700941624741,130
− EWC,2,0.8921638813937564,0.007048169826272687,122
− EWC,3,0.8969241940484213,0.004841644397238876,126
− EWC,4,0.9055802161538273,0.006766718454213805,120
− EWC,5,0.9049339786080927,0.0054058251746859605,127
− EWC,6,0.8977521681273976,0.006624910288313472,111
− EWC,7,0.899096868077151,0.006823948293552032,137
− EWC,8,0.901427948544291,0.006506854415493492,125
− EWC,9,0.8926062706055489,0.0070148897512162705,113
− EWC,10,0.9148339972129026,0.005640751636425217,135
− EWC,11,0.9110329892319038,0.006869712981090902,124
− EWC,12,0.9012473393835455,0.006280198517346238,123
− EWC,13,0.9126777459101768,0.005826927853037385,126
− EWC,14,0.9020447118357218,0.005899374500650213,127
− EWC,15,0.8994103716148597,0.006840870996000922,132
− EWC,16,0.8928123235462002,0.006022565029599048,131
− EWC,17,0.9062684569795567,0.005007953888778516,117
− EWC,18,0.8976821720061987,0.006178088186433367,132
− EWC,19,0.8899195640153928,0.0050948886307687485,121
− EWC,20,0.9070494139971416,0.006013732526143394,120
− EWC,21,0.9013900816771462,0.007047481720302383,130
− EWC,22,0.897399948159957,0.006973812640389941,128
− EWC,23,0.9052292345381253,0.004870908773503734,128
− EWC,24,0.9013169813099942,0.00494110947825423,129
− EWC,25,0.9092675238053816,0.005640658000845795,120
− EWC,26,0.9104466037867783,0.006423295528261335,119
− EWC,27,0.8897521695893595,0.006146098837765043,116
− EWC,28,0.8961030789585973,0.004971990914056456,131
− EWC,29,0.9045651212722104,0.007000506504161865,131
− EWC,30,0.900328200832615,0.0060241616402735825,135
− tri-criterion replay,1,0.8931084779283041,0.005627871041784148,136
− tri-criterion replay,2,0.8994405686148381,0.007671164489070638,131
− tri-criterion replay,3,0.8965003686723183,0.0064496503006063665,142
− tri-criterion replay,4,0.884890542309744,0.006658609850851044,138
− tri-criterion replay,5,0.9010751687818667,0.006746478396639896,124
− tri-criterion replay,6,0.9084251573328816,0.007400501720459097,135
− tri-criterion replay,7,0.9010243873727227,0.005644416029646183,144
− tri-criterion replay,8,0.8874301758980546,0.007044484097472738,143
− tri-criterion replay,9,0.900531520931062,0.006269087920929188,133
− tri-criterion replay,10,0.8941497787938645,0.007056967692050525,127
− tri-criterion replay,11,0.8975756612865505,0.006813647312909671,125
− tri-criterion replay,12,0.8823777321004169,0.0058801338574734924,124
− tri-criterion replay,13,0.8947837814201964,0.006116955878655807,134
− tri-criterion replay,14,0.9008973615049546,0.006935922217355846,134
− tri-criterion replay,15,0.8926039500073092,0.00734764523937494,126
− tri-criterion replay,16,0.9112851145125133,0.006258402438536949,117
− tri-criterion replay,17,0.9012972273229447,0.007720142704739695,119
− tri-criterion replay,18,0.9000505707924491,0.006075717763224211,142
− tri-criterion replay,19,0.8956780216605255,0.007230570166206676,131
− tri-criterion replay,20,0.9012385033486183,0.006646113857786617,129
− tri-criterion replay,21,0.8882012023291987,0.006717804181087301,139
− tri-criterion replay,22,0.8933824019508646,0.006698434725616062,130
− tri-criterion replay,23,0.9015934742676855,0.006279470216432627,132
− tri-criterion replay,24,0.8963372876198825,0.006226535990496776,120
− tri-criterion replay,25,0.9045575960191893,0.0062726056276635345,137
− tri-criterion replay,26,0.8982932693566607,0.0068742101329351555,127
− tri-criterion replay,27,0.8938691658480743,0.006662896572185997,128
− tri-criterion replay,28,0.892057829494656,0.0056874189542953,133
− tri-criterion replay,29,0.8964474503299614,0.0073286040365060515,129
− tri-criterion replay,30,0.9001007344643289,0.006784537756848394,118
