task,algorithm,seed,normalized_HV,HF_calls_to_90pct_oracle_HV
LCE bilayer,MF-BCL-SAEA,1,0.9014802655716299,105
LCE bilayer,MF-BCL-SAEA,2,0.9165404992750713,96
LCE bilayer,MF-BCL-SAEA,3,0.8996399842846514,116
LCE bilayer,MF-BCL-SAEA,4,0.903193908619006,99
LCE bilayer,MF-BCL-SAEA,5,0.9013447325269786,117
LCE bilayer,MF-BCL-SAEA,6,0.9029266475977651,102
LCE bilayer,MF-BCL-SAEA,7,0.9020039103947427,114
LCE bilayer,MF-BCL-SAEA,8,0.8921349786053074,118
LCE bilayer,MF-BCL-SAEA,9,0.9008928062074649,100
LCE bilayer,MF-BCL-SAEA,10,0.915418666415646,114
LCE bilayer,MF-BCL-SAEA,11,0.8995527928136153,101
LCE bilayer,MF-BCL-SAEA,12,0.9106442994352446,110
LCE bilayer,MF-BCL-SAEA,13,0.9175821810223382,117
LCE bilayer,MF-BCL-SAEA,14,0.903749459045812,90
LCE bilayer,MF-BCL-SAEA,15,0.8922731285078658,116
LCE bilayer,MF-BCL-SAEA,16,0.8997531859186837,104
LCE bilayer,MF-BCL-SAEA,17,0.9139950923284677,97
LCE bilayer,MF-BCL-SAEA,18,0.9058052176781353,117
LCE bilayer,MF-BCL-SAEA,19,0.8919046861029079,88
LCE bilayer,MF-BCL-SAEA,20,0.8953921791765597,91
LCE bilayer,MF-EMTO,1,0.8857454435862865,142
LCE bilayer,MF-EMTO,2,0.8812137595577921,152
LCE bilayer,MF-EMTO,3,0.9016058325695916,139
LCE bilayer,MF-EMTO,4,0.8998478180370639,147
LCE bilayer,MF-EMTO,5,0.8704500287969767,159
LCE bilayer,MF-EMTO,6,0.890715846460662,152
LCE bilayer,MF-EMTO,7,0.8794311629501271,125
LCE bilayer,MF-EMTO,8,0.894596106114041,151
LCE bilayer,MF-EMTO,9,0.8795325215980958,142
LCE bilayer,MF-EMTO,10,0.8645745948271145,147
LCE bilayer,MF-EMTO,11,0.8854542740886036,149
LCE bilayer,MF-EMTO,12,0.9057480484982178,144
LCE bilayer,MF-EMTO,13,0.8996510281723461,145
LCE bilayer,MF-EMTO,14,0.8935160100005867,150
LCE bilayer,MF-EMTO,15,0.8686462816849655,154
LCE bilayer,MF-EMTO,16,0.8741036343314669,147
LCE bilayer,MF-EMTO,17,0.8903835720326118,173
LCE bilayer,MF-EMTO,18,0.8810255399911258,151
LCE bilayer,MF-EMTO,19,0.8643834324479478,150
LCE bilayer,MF-EMTO,20,0.8928789002397249,145
LCE bilayer,qNEHVI,1,0.8963666916207417,152
LCE bilayer,qNEHVI,2,0.8686792129848722,161
LCE bilayer,qNEHVI,3,0.8932888130637756,162
LCE bilayer,qNEHVI,4,0.8730778559832204,158
LCE bilayer,qNEHVI,5,0.8827386897817913,164
LCE bilayer,qNEHVI,6,0.853530967072057,155
LCE bilayer,qNEHVI,7,0.8825362186942525,161
LCE bilayer,qNEHVI,8,0.8808906763357501,168
LCE bilayer,qNEHVI,9,0.9040996272453122,143
LCE bilayer,qNEHVI,10,0.8634139529871705,164
LCE bilayer,qNEHVI,11,0.8674985982304673,157
LCE bilayer,qNEHVI,12,0.8667116234664979,164
LCE bilayer,qNEHVI,13,0.8672610703496065,152
LCE bilayer,qNEHVI,14,0.8770321809144193,162
LCE bilayer,qNEHVI,15,0.8667470559793663,140
LCE bilayer,qNEHVI,16,0.8786714446387264,160
LCE bilayer,qNEHVI,17,0.8697675384796973,173
LCE bilayer,qNEHVI,18,0.8830286888483408,169
LCE bilayer,qNEHVI,19,0.8830301921006545,150
LCE bilayer,qNEHVI,20,0.8970452022147686,150
LCE bilayer,LC-SAEA,1,0.8824641680194711,150
LCE bilayer,LC-SAEA,2,0.8684449831661905,159
LCE bilayer,LC-SAEA,3,0.8829464500969004,145
LCE bilayer,LC-SAEA,4,0.8632966156993866,169
LCE bilayer,LC-SAEA,5,0.8630520844837539,158
LCE bilayer,LC-SAEA,6,0.8685070670785988,154
LCE bilayer,LC-SAEA,7,0.8670340265804033,157
LCE bilayer,LC-SAEA,8,0.8790684748744876,181
LCE bilayer,LC-SAEA,9,0.8704676538776583,170
LCE bilayer,LC-SAEA,10,0.8801893938356259,163
LCE bilayer,LC-SAEA,11,0.8849949004870686,158
LCE bilayer,LC-SAEA,12,0.8827438113061625,157
LCE bilayer,LC-SAEA,13,0.8793827034967406,153
LCE bilayer,LC-SAEA,14,0.8610550386863599,171
LCE bilayer,LC-SAEA,15,0.8898132256444691,172
LCE bilayer,LC-SAEA,16,0.8724104580693636,176
LCE bilayer,LC-SAEA,17,0.8728157778307679,173
LCE bilayer,LC-SAEA,18,0.853409104655454,156
LCE bilayer,LC-SAEA,19,0.861063678555801,161
LCE bilayer,LC-SAEA,20,0.872027982448617,168
LCE bilayer,C-SAEA,1,0.8990077951725943,169
LCE bilayer,C-SAEA,2,0.8869410367974079,171
LCE bilayer,C-SAEA,3,0.8660483807089896,182
LCE bilayer,C-SAEA,4,0.8781590564211663,175
LCE bilayer,C-SAEA,5,0.8721325238336675,159
LCE bilayer,C-SAEA,6,0.8766225433635791,160
LCE bilayer,C-SAEA,7,0.8810934587535608,173
LCE bilayer,C-SAEA,8,0.880699975138753,158
LCE bilayer,C-SAEA,9,0.8630815129991074,160
LCE bilayer,C-SAEA,10,0.872456872969122,164
LCE bilayer,C-SAEA,11,0.8668241873197682,158
LCE bilayer,C-SAEA,12,0.8682295077491223,172
LCE bilayer,C-SAEA,13,0.840354958536435,165
LCE bilayer,C-SAEA,14,0.8742884474286219,161
LCE bilayer,C-SAEA,15,0.8634734017583702,154
LCE bilayer,C-SAEA,16,0.8802219668736282,162
LCE bilayer,C-SAEA,17,0.8635483187858598,169
LCE bilayer,C-SAEA,18,0.8702140400563987,170
LCE bilayer,C-SAEA,19,0.8929684830264129,169
LCE bilayer,C-SAEA,20,0.8675991630022041,169
LCE bilayer,MOEA/D-GP,1,0.8479583509267915,170
LCE bilayer,MOEA/D-GP,2,0.8730671544317329,176
LCE bilayer,MOEA/D-GP,3,0.8472960056785446,159
LCE bilayer,MOEA/D-GP,4,0.8584746768204375,173
LCE bilayer,MOEA/D-GP,5,0.8587834990546224,172
LCE bilayer,MOEA/D-GP,6,0.8552401158679044,180
LCE bilayer,MOEA/D-GP,7,0.8746829110195425,176
LCE bilayer,MOEA/D-GP,8,0.8769619378398892,163
LCE bilayer,MOEA/D-GP,9,0.8495519998662324,192
LCE bilayer,MOEA/D-GP,10,0.8703326084656404,150
LCE bilayer,MOEA/D-GP,11,0.871564613685518,180
LCE bilayer,MOEA/D-GP,12,0.8782476111987394,184
LCE bilayer,MOEA/D-GP,13,0.84917969669671,172
LCE bilayer,MOEA/D-GP,14,0.8709428167171097,180
LCE bilayer,MOEA/D-GP,15,0.8534325143922011,177
LCE bilayer,MOEA/D-GP,16,0.8752164662122293,166
LCE bilayer,MOEA/D-GP,17,0.8538695488740654,184
LCE bilayer,MOEA/D-GP,18,0.8607003037002374,177
LCE bilayer,MOEA/D-GP,19,0.8469083861295212,172
LCE bilayer,MOEA/D-GP,20,0.8572330501489157,168
LCE bilayer,SMS-EGO,1,0.8576376532015837,178
LCE bilayer,SMS-EGO,2,0.8622404363995484,180
LCE bilayer,SMS-EGO,3,0.8558591284483895,178
LCE bilayer,SMS-EGO,4,0.841672515102278,174
LCE bilayer,SMS-EGO,5,0.8338806790774477,172
LCE bilayer,SMS-EGO,6,0.8494839033605546,179
LCE bilayer,SMS-EGO,7,0.8501294009782501,177
LCE bilayer,SMS-EGO,8,0.8613397454398934,181
LCE bilayer,SMS-EGO,9,0.8559905189788584,180
LCE bilayer,SMS-EGO,10,0.8331720363595843,182
LCE bilayer,SMS-EGO,11,0.8684267977341737,180
LCE bilayer,SMS-EGO,12,0.8668360346699671,178
LCE bilayer,SMS-EGO,13,0.8657493359164607,171
LCE bilayer,SMS-EGO,14,0.8402921715329261,161
LCE bilayer,SMS-EGO,15,0.8881057254582182,170
LCE bilayer,SMS-EGO,16,0.844850631688144,192
LCE bilayer,SMS-EGO,17,0.8693507008448146,174
LCE bilayer,SMS-EGO,18,0.8485809641176001,179
LCE bilayer,SMS-EGO,19,0.8565068824060735,184
LCE bilayer,SMS-EGO,20,0.8592293264323273,179
LCE bilayer,ParEGO,1,0.8432352329727445,176
LCE bilayer,ParEGO,2,0.8472027964781322,184
LCE bilayer,ParEGO,3,0.8500245094642696,177
LCE bilayer,ParEGO,4,0.8601595412368882,184
LCE bilayer,ParEGO,5,0.8513323887604893,176
LCE bilayer,ParEGO,6,0.8271824352442045,182
LCE bilayer,ParEGO,7,0.8171558693568118,183
LCE bilayer,ParEGO,8,0.8566787498380121,185
LCE bilayer,ParEGO,9,0.8470565160038597,194
LCE bilayer,ParEGO,10,0.8513205007764366,180
LCE bilayer,ParEGO,11,0.8701014265545479,196
LCE bilayer,ParEGO,12,0.8395491319388736,191
LCE bilayer,ParEGO,13,0.8365848571351934,198
LCE bilayer,ParEGO,14,0.8661559433498796,195
LCE bilayer,ParEGO,15,0.8414196960288426,192
LCE bilayer,ParEGO,16,0.8406593554880616,197
LCE bilayer,ParEGO,17,0.8615400727085611,179
LCE bilayer,ParEGO,18,0.8504312768020369,190
LCE bilayer,ParEGO,19,0.8536205805052508,195
LCE bilayer,ParEGO,20,0.8593202846260433,189
LCE bilayer,HF-NSGA-II,1,0.8457301569148684,214
LCE bilayer,HF-NSGA-II,2,0.8182510425952062,189
LCE bilayer,HF-NSGA-II,3,0.8456637699353293,185
LCE bilayer,HF-NSGA-II,4,0.815060092272564,203
LCE bilayer,HF-NSGA-II,5,0.8359209776209852,213
LCE bilayer,HF-NSGA-II,6,0.8389871089219136,203
LCE bilayer,HF-NSGA-II,7,0.8393251864752121,196
LCE bilayer,HF-NSGA-II,8,0.8278284970821806,190
LCE bilayer,HF-NSGA-II,9,0.8490135994424912,200
LCE bilayer,HF-NSGA-II,10,0.8481132331358227,194
LCE bilayer,HF-NSGA-II,11,0.8224923950610812,197
LCE bilayer,HF-NSGA-II,12,0.8193847634699518,187
LCE bilayer,HF-NSGA-II,13,0.8425377447856301,192
LCE bilayer,HF-NSGA-II,14,0.8260144274288934,188
LCE bilayer,HF-NSGA-II,15,0.8309093093398737,192
LCE bilayer,HF-NSGA-II,16,0.8522374704282057,197
LCE bilayer,HF-NSGA-II,17,0.841276247275356,186
LCE bilayer,HF-NSGA-II,18,0.8361021953867769,195
LCE bilayer,HF-NSGA-II,19,0.8479034707776718,192
LCE bilayer,HF-NSGA-II,20,0.829306628069676,191
Crash box,MF-BCL-SAEA,1,0.8953492023096064,103
Crash box,MF-BCL-SAEA,2,0.8870053575244622,118
Crash box,MF-BCL-SAEA,3,0.8949951204452167,120
Crash box,MF-BCL-SAEA,4,0.903850075974219,117
Crash box,MF-BCL-SAEA,5,0.8889706726609261,119
Crash box,MF-BCL-SAEA,6,0.9084386539472156,111
Crash box,MF-BCL-SAEA,7,0.886499531737033,114
Crash box,MF-BCL-SAEA,8,0.8888009066650714,104
Crash box,MF-BCL-SAEA,9,0.8889702724720393,114
Crash box,MF-BCL-SAEA,10,0.8973248330214689,116
Crash box,MF-BCL-SAEA,11,0.8966390080441488,120
Crash box,MF-BCL-SAEA,12,0.8910572738314748,112
Crash box,MF-BCL-SAEA,13,0.90128565567919,101
Crash box,MF-BCL-SAEA,14,0.8887743541521647,130
Crash box,MF-BCL-SAEA,15,0.9040442883291647,99
Crash box,MF-BCL-SAEA,16,0.9033945201956478,124
Crash box,MF-BCL-SAEA,17,0.9124980539650378,104
Crash box,MF-BCL-SAEA,18,0.8979972566629577,103
Crash box,MF-BCL-SAEA,19,0.8856002437413851,123
Crash box,MF-BCL-SAEA,20,0.889261522764013,107
Crash box,MF-EMTO,1,0.8614146250690115,151
Crash box,MF-EMTO,2,0.8945686826997213,155
Crash box,MF-EMTO,3,0.880748418324061,139
Crash box,MF-EMTO,4,0.8434389040399946,164
Crash box,MF-EMTO,5,0.9074705742944017,146
Crash box,MF-EMTO,6,0.8476483191423282,161
Crash box,MF-EMTO,7,0.8647535661376768,125
Crash box,MF-EMTO,8,0.8659596219967935,144
Crash box,MF-EMTO,9,0.8516727602488781,137
Crash box,MF-EMTO,10,0.8809216705526999,160
Crash box,MF-EMTO,11,0.8945462101363744,149
Crash box,MF-EMTO,12,0.8651077426504858,151
Crash box,MF-EMTO,13,0.8694354619052511,158
Crash box,MF-EMTO,14,0.8595277545841526,171
Crash box,MF-EMTO,15,0.8563520474391167,158
Crash box,MF-EMTO,16,0.8601748842485625,138
Crash box,MF-EMTO,17,0.8968661993621176,144
Crash box,MF-EMTO,18,0.8747835490433651,155
Crash box,MF-EMTO,19,0.8759574981973234,152
Crash box,MF-EMTO,20,0.857731891945483,159
Crash box,qNEHVI,1,0.8881680612186618,146
Crash box,qNEHVI,2,0.8729488907634992,162
Crash box,qNEHVI,3,0.8939763126741597,175
Crash box,qNEHVI,4,0.8567789423505875,156
Crash box,qNEHVI,5,0.8686021165626748,146
Crash box,qNEHVI,6,0.8850486484483868,161
Crash box,qNEHVI,7,0.8726094824114463,154
Crash box,qNEHVI,8,0.8712151806317276,154
Crash box,qNEHVI,9,0.8614204130456327,171
Crash box,qNEHVI,10,0.8641352247520244,152
Crash box,qNEHVI,11,0.855716061257335,158
Crash box,qNEHVI,12,0.8585185983417822,162
Crash box,qNEHVI,13,0.8856134822944479,162
Crash box,qNEHVI,14,0.86270626126776,148
Crash box,qNEHVI,15,0.8461804840942904,181
Crash box,qNEHVI,16,0.8610114224546616,159
Crash box,qNEHVI,17,0.880806529110527,146
Crash box,qNEHVI,18,0.8439025794591812,159
Crash box,qNEHVI,19,0.8661107851907907,161
Crash box,qNEHVI,20,0.8858558028834056,170
Crash box,LC-SAEA,1,0.8642030181700869,159
Crash box,LC-SAEA,2,0.8754749969243005,158
Crash box,LC-SAEA,3,0.8873360166593893,179
Crash box,LC-SAEA,4,0.874760925353356,167
Crash box,LC-SAEA,5,0.8769363006305232,159
Crash box,LC-SAEA,6,0.8691620971651719,163
Crash box,LC-SAEA,7,0.879266368480696,174
Crash box,LC-SAEA,8,0.8193909848867603,157
Crash box,LC-SAEA,9,0.8632316757879667,180
Crash box,LC-SAEA,10,0.8845925127027967,170
Crash box,LC-SAEA,11,0.8696820835912283,143
Crash box,LC-SAEA,12,0.8620410849748323,155
Crash box,LC-SAEA,13,0.8740704412462423,157
Crash box,LC-SAEA,14,0.8538510419720999,156
Crash box,LC-SAEA,15,0.8359486089325637,172
Crash box,LC-SAEA,16,0.8742067299481852,165
Crash box,LC-SAEA,17,0.8564928732082236,161
Crash box,LC-SAEA,18,0.8710086518373508,161
Crash box,LC-SAEA,19,0.859260913638326,161
Crash box,LC-SAEA,20,0.8532240128524436,155
Crash box,C-SAEA,1,0.8479341429042003,156
Crash box,C-SAEA,2,0.8487395236704006,171
Crash box,C-SAEA,3,0.8359610825379923,166
Crash box,C-SAEA,4,0.8671351072573812,156
Crash box,C-SAEA,5,0.86443252177254,170
Crash box,C-SAEA,6,0.8408822071173097,173
Crash box,C-SAEA,7,0.8406169181159951,168
Crash box,C-SAEA,8,0.832585518211302,155
Crash box,C-SAEA,9,0.8504456051321551,163
Crash box,C-SAEA,10,0.8408517258282208,173
Crash box,C-SAEA,11,0.8604784911484794,178
Crash box,C-SAEA,12,0.8775139846937391,172
Crash box,C-SAEA,13,0.8453387955791827,181
Crash box,C-SAEA,14,0.8830177889110801,175
Crash box,C-SAEA,15,0.8549334419608134,166
Crash box,C-SAEA,16,0.8449532495751801,181
Crash box,C-SAEA,17,0.8313520661669758,181
Crash box,C-SAEA,18,0.8441448177020406,162
Crash box,C-SAEA,19,0.8561055090506047,164
Crash box,C-SAEA,20,0.8748667177559859,170
Crash box,MOEA/D-GP,1,0.8448055308244256,179
Crash box,MOEA/D-GP,2,0.8514507436887168,163
Crash box,MOEA/D-GP,3,0.8476007658449256,178
Crash box,MOEA/D-GP,4,0.8425621496837099,164
Crash box,MOEA/D-GP,5,0.834419352573967,169
Crash box,MOEA/D-GP,6,0.8628891186127565,171
Crash box,MOEA/D-GP,7,0.884802080529623,180
Crash box,MOEA/D-GP,8,0.8588057087306855,167
Crash box,MOEA/D-GP,9,0.859352977456498,177
Crash box,MOEA/D-GP,10,0.8271877897942754,175
Crash box,MOEA/D-GP,11,0.8219681865406865,172
Crash box,MOEA/D-GP,12,0.8511363972029332,167
Crash box,MOEA/D-GP,13,0.8590760886905096,186
Crash box,MOEA/D-GP,14,0.8338337974783049,170
Crash box,MOEA/D-GP,15,0.8576647460507028,183
Crash box,MOEA/D-GP,16,0.8581515754834073,179
Crash box,MOEA/D-GP,17,0.8629351859689642,174
Crash box,MOEA/D-GP,18,0.8572021583846738,164
Crash box,MOEA/D-GP,19,0.8374535371208822,185
Crash box,MOEA/D-GP,20,0.8576075493163523,170
Crash box,SMS-EGO,1,0.8412862365050858,197
Crash box,SMS-EGO,2,0.8625989335620792,180
Crash box,SMS-EGO,3,0.8693395576766001,175
Crash box,SMS-EGO,4,0.826865796839659,174
Crash box,SMS-EGO,5,0.8316591281703967,192
Crash box,SMS-EGO,6,0.8644758055790149,174
Crash box,SMS-EGO,7,0.8337973211636168,181
Crash box,SMS-EGO,8,0.8660290355980157,190
Crash box,SMS-EGO,9,0.8312058191103947,196
Crash box,SMS-EGO,10,0.8532119865050136,189
Crash box,SMS-EGO,11,0.859915494197714,174
Crash box,SMS-EGO,12,0.861360864844867,176
Crash box,SMS-EGO,13,0.859169120846693,178
Crash box,SMS-EGO,14,0.8172354329772822,187
Crash box,SMS-EGO,15,0.8630964411618055,192
Crash box,SMS-EGO,16,0.7999564098433019,187
Crash box,SMS-EGO,17,0.8642682025743625,186
Crash box,SMS-EGO,18,0.8395793530514233,186
Crash box,SMS-EGO,19,0.8521751707667988,164
Crash box,SMS-EGO,20,0.8782211265954087,180
Crash box,ParEGO,1,0.828902141465643,179
Crash box,ParEGO,2,0.8098745005641764,189
Crash box,ParEGO,3,0.8000266568132225,182
Crash box,ParEGO,4,0.8548987417165801,190
Crash box,ParEGO,5,0.8598713125720288,190
Crash box,ParEGO,6,0.8246605759203728,177
Crash box,ParEGO,7,0.8216196416732597,182
Crash box,ParEGO,8,0.8650108075339791,193
Crash box,ParEGO,9,0.829855913368471,201
Crash box,ParEGO,10,0.8485583301705953,190
Crash box,ParEGO,11,0.8428582707602867,183
Crash box,ParEGO,12,0.8512635405802625,181
Crash box,ParEGO,13,0.8508711926029797,175
Crash box,ParEGO,14,0.8133759789616429,194
Crash box,ParEGO,15,0.8186839141935092,180
Crash box,ParEGO,16,0.8386074110988194,209
Crash box,ParEGO,17,0.8419513736063222,190
Crash box,ParEGO,18,0.8296301324483883,172
Crash box,ParEGO,19,0.8577988911887691,183
Crash box,ParEGO,20,0.8577263171556073,177
Crash box,HF-NSGA-II,1,0.8248982971267872,185
Crash box,HF-NSGA-II,2,0.839815797626922,185
Crash box,HF-NSGA-II,3,0.8072987174740872,202
Crash box,HF-NSGA-II,4,0.8186818734479007,194
Crash box,HF-NSGA-II,5,0.8299286492723842,198
Crash box,HF-NSGA-II,6,0.8276492823906134,191
Crash box,HF-NSGA-II,7,0.851448361121162,198
Crash box,HF-NSGA-II,8,0.8228748472980594,182
Crash box,HF-NSGA-II,9,0.8490646845235245,204
Crash box,HF-NSGA-II,10,0.7985547930093483,191
Crash box,HF-NSGA-II,11,0.8291898246147579,197
Crash box,HF-NSGA-II,12,0.8397015793175713,198
Crash box,HF-NSGA-II,13,0.8325925173923168,196
Crash box,HF-NSGA-II,14,0.8242795853018432,193
Crash box,HF-NSGA-II,15,0.8214048835168898,187
Crash box,HF-NSGA-II,16,0.8622829498593054,188
Crash box,HF-NSGA-II,17,0.8394245070946411,190
Crash box,HF-NSGA-II,18,0.8333012161680968,189
Crash box,HF-NSGA-II,19,0.8444930011653857,182
Crash box,HF-NSGA-II,20,0.8406569363428568,184
Spinodoid,MF-BCL-SAEA,1,0.8408885730652934,116
Spinodoid,MF-BCL-SAEA,2,0.8581810767973406,104
Spinodoid,MF-BCL-SAEA,3,0.8634601685447741,110
Spinodoid,MF-BCL-SAEA,4,0.8658582698967142,116
Spinodoid,MF-BCL-SAEA,5,0.8775732392735405,101
Spinodoid,MF-BCL-SAEA,6,0.8751544971479752,97
Spinodoid,MF-BCL-SAEA,7,0.8678762104163605,104
Spinodoid,MF-BCL-SAEA,8,0.8929254661330509,108
Spinodoid,MF-BCL-SAEA,9,0.8816086492999199,114
Spinodoid,MF-BCL-SAEA,10,0.8652618854775578,108
Spinodoid,MF-BCL-SAEA,11,0.8747056112641333,114
Spinodoid,MF-BCL-SAEA,12,0.8839632440311244,109
Spinodoid,MF-BCL-SAEA,13,0.8507894501471499,115
Spinodoid,MF-BCL-SAEA,14,0.8661283635721273,121
Spinodoid,MF-BCL-SAEA,15,0.8808794554835225,111
Spinodoid,MF-BCL-SAEA,16,0.8740322899598546,109
Spinodoid,MF-BCL-SAEA,17,0.874880227422236,96
Spinodoid,MF-BCL-SAEA,18,0.8730250405184574,100
Spinodoid,MF-BCL-SAEA,19,0.8731164831869658,111
Spinodoid,MF-BCL-SAEA,20,0.8715201466478459,109
Spinodoid,MF-EMTO,1,0.8478885998411457,155
Spinodoid,MF-EMTO,2,0.8487968720060111,146
Spinodoid,MF-EMTO,3,0.8475398194936996,146
Spinodoid,MF-EMTO,4,0.8347677924815456,171
Spinodoid,MF-EMTO,5,0.8518928069559348,166
Spinodoid,MF-EMTO,6,0.8529798185356233,155
Spinodoid,MF-EMTO,7,0.8390233263475301,154
Spinodoid,MF-EMTO,8,0.83426734454443,141
Spinodoid,MF-EMTO,9,0.8431095999253857,156
Spinodoid,MF-EMTO,10,0.8473647568574512,156
Spinodoid,MF-EMTO,11,0.8714449635071355,148
Spinodoid,MF-EMTO,12,0.8508161177937138,161
Spinodoid,MF-EMTO,13,0.8315588904281034,150
Spinodoid,MF-EMTO,14,0.8557539794753349,150
Spinodoid,MF-EMTO,15,0.8348326600655858,149
Spinodoid,MF-EMTO,16,0.8386635246101942,147
Spinodoid,MF-EMTO,17,0.8157405893119879,161
Spinodoid,MF-EMTO,18,0.8266876522124559,141
Spinodoid,MF-EMTO,19,0.8521338959705426,157
Spinodoid,MF-EMTO,20,0.84432987966912,147
Spinodoid,qNEHVI,1,0.8325404872545157,152
Spinodoid,qNEHVI,2,0.8376430341510193,172
Spinodoid,qNEHVI,3,0.8669830608323615,153
Spinodoid,qNEHVI,4,0.856131628132719,159
Spinodoid,qNEHVI,5,0.8518659767238427,163
Spinodoid,qNEHVI,6,0.834692083925099,155
Spinodoid,qNEHVI,7,0.8490003908005408,166
Spinodoid,qNEHVI,8,0.8322833406196446,155
Spinodoid,qNEHVI,9,0.8250319872548966,171
Spinodoid,qNEHVI,10,0.826139899462255,170
Spinodoid,qNEHVI,11,0.8264460827702702,163
Spinodoid,qNEHVI,12,0.8512175442483989,163
Spinodoid,qNEHVI,13,0.8520695718877319,147
Spinodoid,qNEHVI,14,0.8499630136451798,178
Spinodoid,qNEHVI,15,0.8545155150789416,151
Spinodoid,qNEHVI,16,0.8542276831126899,145
Spinodoid,qNEHVI,17,0.8496406179290111,158
Spinodoid,qNEHVI,18,0.8428932497922174,164
Spinodoid,qNEHVI,19,0.8740830587412456,148
Spinodoid,qNEHVI,20,0.8418257694960373,153
Spinodoid,LC-SAEA,1,0.842612977552721,167
Spinodoid,LC-SAEA,2,0.8305109360406241,153
Spinodoid,LC-SAEA,3,0.8216039337595904,152
Spinodoid,LC-SAEA,4,0.8318877638078085,176
Spinodoid,LC-SAEA,5,0.8615435787872442,173
Spinodoid,LC-SAEA,6,0.8486892829187738,163
Spinodoid,LC-SAEA,7,0.8147678587066463,177
Spinodoid,LC-SAEA,8,0.8429757231275335,170
Spinodoid,LC-SAEA,9,0.8590956680476025,155
Spinodoid,LC-SAEA,10,0.8251467822908356,163
Spinodoid,LC-SAEA,11,0.8710287182228762,165
Spinodoid,LC-SAEA,12,0.8453450585206557,169
Spinodoid,LC-SAEA,13,0.8439845515960619,173
Spinodoid,LC-SAEA,14,0.8509129570230095,171
Spinodoid,LC-SAEA,15,0.8187481236039555,183
Spinodoid,LC-SAEA,16,0.8345567134884775,154
Spinodoid,LC-SAEA,17,0.8157949067504757,161
Spinodoid,LC-SAEA,18,0.8307911619156121,152
Spinodoid,LC-SAEA,19,0.8152081675768836,161
Spinodoid,LC-SAEA,20,0.848280635153581,168
Spinodoid,C-SAEA,1,0.8082047455140547,175
Spinodoid,C-SAEA,2,0.8235771489205185,159
Spinodoid,C-SAEA,3,0.821286919276733,175
Spinodoid,C-SAEA,4,0.8158955024482644,165
Spinodoid,C-SAEA,5,0.8188099751695946,171
Spinodoid,C-SAEA,6,0.8402869845270425,164
Spinodoid,C-SAEA,7,0.8466383755512314,177
Spinodoid,C-SAEA,8,0.8328414595087433,158
Spinodoid,C-SAEA,9,0.8233843457620509,161
Spinodoid,C-SAEA,10,0.8170996529335182,160
Spinodoid,C-SAEA,11,0.8394774120368548,155
Spinodoid,C-SAEA,12,0.8150753814863194,143
Spinodoid,C-SAEA,13,0.820375551247033,178
Spinodoid,C-SAEA,14,0.8519901044088958,165
Spinodoid,C-SAEA,15,0.8137504293786622,167
Spinodoid,C-SAEA,16,0.8399938794791133,175
Spinodoid,C-SAEA,17,0.827859770453733,165
Spinodoid,C-SAEA,18,0.8448307004021613,161
Spinodoid,C-SAEA,19,0.8497366739873986,171
Spinodoid,C-SAEA,20,0.8129421074062884,167
Spinodoid,MOEA/D-GP,1,0.8029757628035222,175
Spinodoid,MOEA/D-GP,2,0.836931156668068,176
Spinodoid,MOEA/D-GP,3,0.802518734332754,181
Spinodoid,MOEA/D-GP,4,0.8058448838752885,182
Spinodoid,MOEA/D-GP,5,0.8085650532776323,158
Spinodoid,MOEA/D-GP,6,0.8027027393275621,167
Spinodoid,MOEA/D-GP,7,0.815254932556124,177
Spinodoid,MOEA/D-GP,8,0.8088843078388869,190
Spinodoid,MOEA/D-GP,9,0.8279540693452975,175
Spinodoid,MOEA/D-GP,10,0.814638061700663,173
Spinodoid,MOEA/D-GP,11,0.8232713627826153,169
Spinodoid,MOEA/D-GP,12,0.8190223153637558,180
Spinodoid,MOEA/D-GP,13,0.8266124524100167,173
Spinodoid,MOEA/D-GP,14,0.8183983916851124,155
Spinodoid,MOEA/D-GP,15,0.8362787448061729,185
Spinodoid,MOEA/D-GP,16,0.8275942733750546,186
Spinodoid,MOEA/D-GP,17,0.7923567216408373,169
Spinodoid,MOEA/D-GP,18,0.8142213763108233,174
Spinodoid,MOEA/D-GP,19,0.8160598757611225,184
Spinodoid,MOEA/D-GP,20,0.8386897481341813,169
Spinodoid,SMS-EGO,1,0.84168702496852,178
Spinodoid,SMS-EGO,2,0.8302704277510292,178
Spinodoid,SMS-EGO,3,0.8161961937855848,199
Spinodoid,SMS-EGO,4,0.8093168839702,180
Spinodoid,SMS-EGO,5,0.8331729682542516,198
Spinodoid,SMS-EGO,6,0.8338864083641135,190
Spinodoid,SMS-EGO,7,0.8344815037110391,189
Spinodoid,SMS-EGO,8,0.8160615069300674,181
Spinodoid,SMS-EGO,9,0.8526695631023788,182
Spinodoid,SMS-EGO,10,0.7840049630288263,173
Spinodoid,SMS-EGO,11,0.811076946943734,173
Spinodoid,SMS-EGO,12,0.8152218758376942,188
Spinodoid,SMS-EGO,13,0.8281506258401211,184
Spinodoid,SMS-EGO,14,0.8213030846956503,190
Spinodoid,SMS-EGO,15,0.8110881879220753,192
Spinodoid,SMS-EGO,16,0.8295482719083838,177
Spinodoid,SMS-EGO,17,0.8158817749094728,168
Spinodoid,SMS-EGO,18,0.8342092762963735,185
Spinodoid,SMS-EGO,19,0.822300303863453,182
Spinodoid,SMS-EGO,20,0.8552627340677926,179
Spinodoid,ParEGO,1,0.8029388002839158,198
Spinodoid,ParEGO,2,0.8010528034368811,173
Spinodoid,ParEGO,3,0.7983141401321507,186
Spinodoid,ParEGO,4,0.8207260296836297,193
Spinodoid,ParEGO,5,0.7916021836118281,187
Spinodoid,ParEGO,6,0.7999609493456733,184
Spinodoid,ParEGO,7,0.8157224823580913,186
Spinodoid,ParEGO,8,0.8289010924261184,201
Spinodoid,ParEGO,9,0.7984818853079432,172
Spinodoid,ParEGO,10,0.7967793097904711,190
Spinodoid,ParEGO,11,0.8124609089815148,184
Spinodoid,ParEGO,12,0.8191518440502955,195
Spinodoid,ParEGO,13,0.8178768305953027,196
Spinodoid,ParEGO,14,0.8009532385211598,193
Spinodoid,ParEGO,15,0.8130387419707609,182
Spinodoid,ParEGO,16,0.8103427467993823,205
Spinodoid,ParEGO,17,0.8260920564911214,193
Spinodoid,ParEGO,18,0.8004483903901742,199
Spinodoid,ParEGO,19,0.7956271406622107,178
Spinodoid,ParEGO,20,0.8072259676913596,191
Spinodoid,HF-NSGA-II,1,0.7846125992524594,195
Spinodoid,HF-NSGA-II,2,0.8085691756639612,187
Spinodoid,HF-NSGA-II,3,0.8094079813437169,196
Spinodoid,HF-NSGA-II,4,0.7978091434840341,197
Spinodoid,HF-NSGA-II,5,0.7903396969152032,200
Spinodoid,HF-NSGA-II,6,0.7796007598609187,181
Spinodoid,HF-NSGA-II,7,0.7965087939298318,190
Spinodoid,HF-NSGA-II,8,0.8062583366395737,197
Spinodoid,HF-NSGA-II,9,0.7968138524180444,201
Spinodoid,HF-NSGA-II,10,0.7826295584879959,183
Spinodoid,HF-NSGA-II,11,0.8059718364021811,192
Spinodoid,HF-NSGA-II,12,0.7999262463702599,178
Spinodoid,HF-NSGA-II,13,0.8147106849545729,199
Spinodoid,HF-NSGA-II,14,0.7834403762611307,188
Spinodoid,HF-NSGA-II,15,0.8047469636259267,190
Spinodoid,HF-NSGA-II,16,0.8265717553891992,212
Spinodoid,HF-NSGA-II,17,0.8029611883653549,193
Spinodoid,HF-NSGA-II,18,0.8077824717001408,180
Spinodoid,HF-NSGA-II,19,0.7889032903110434,192
Spinodoid,HF-NSGA-II,20,0.804147780913952,186
MorphComp shape,MF-BCL-SAEA,1,0.835952915033077,111
MorphComp shape,MF-BCL-SAEA,2,0.8486455976066322,123
MorphComp shape,MF-BCL-SAEA,3,0.8470797380408882,111
MorphComp shape,MF-BCL-SAEA,4,0.8528443894695352,109
MorphComp shape,MF-BCL-SAEA,5,0.8300788268232071,123
MorphComp shape,MF-BCL-SAEA,6,0.8442749691706704,106
MorphComp shape,MF-BCL-SAEA,7,0.8405918511664866,118
MorphComp shape,MF-BCL-SAEA,8,0.8474794474951969,107
MorphComp shape,MF-BCL-SAEA,9,0.8426996792972228,113
MorphComp shape,MF-BCL-SAEA,10,0.8315040660796955,114
MorphComp shape,MF-BCL-SAEA,11,0.8541527730692984,119
MorphComp shape,MF-BCL-SAEA,12,0.847110409454554,93
MorphComp shape,MF-BCL-SAEA,13,0.8371229310894451,105
MorphComp shape,MF-BCL-SAEA,14,0.852147682906264,106
MorphComp shape,MF-BCL-SAEA,15,0.8455928617910612,111
MorphComp shape,MF-BCL-SAEA,16,0.8426840608606408,109
MorphComp shape,MF-BCL-SAEA,17,0.8435250931306303,109
MorphComp shape,MF-BCL-SAEA,18,0.8434272865521668,99
MorphComp shape,MF-BCL-SAEA,19,0.8313860628248322,94
MorphComp shape,MF-BCL-SAEA,20,0.8344988205045988,123
MorphComp shape,MF-EMTO,1,0.8389236831799641,155
MorphComp shape,MF-EMTO,2,0.8476014907211383,154
MorphComp shape,MF-EMTO,3,0.8261835338214621,146
MorphComp shape,MF-EMTO,4,0.7921311504089725,162
MorphComp shape,MF-EMTO,5,0.8294268550877394,141
MorphComp shape,MF-EMTO,6,0.8217108929638665,146
MorphComp shape,MF-EMTO,7,0.8345880345983198,152
MorphComp shape,MF-EMTO,8,0.8280726798819539,158
MorphComp shape,MF-EMTO,9,0.8045124339155589,157
MorphComp shape,MF-EMTO,10,0.8208494552763002,148
MorphComp shape,MF-EMTO,11,0.8234636684172774,151
MorphComp shape,MF-EMTO,12,0.8334903745344886,145
MorphComp shape,MF-EMTO,13,0.8288340581494223,147
MorphComp shape,MF-EMTO,14,0.8381819668323012,154
MorphComp shape,MF-EMTO,15,0.8145470642386193,149
MorphComp shape,MF-EMTO,16,0.8204639270155006,151
MorphComp shape,MF-EMTO,17,0.8489151119981114,145
MorphComp shape,MF-EMTO,18,0.823162054619776,156
MorphComp shape,MF-EMTO,19,0.8428328787927417,129
MorphComp shape,MF-EMTO,20,0.8276008369581921,161
MorphComp shape,qNEHVI,1,0.8301608633695599,150
MorphComp shape,qNEHVI,2,0.8223361668522161,149
MorphComp shape,qNEHVI,3,0.8471638490146588,156
MorphComp shape,qNEHVI,4,0.82932426807174,158
MorphComp shape,qNEHVI,5,0.8270001495279093,158
MorphComp shape,qNEHVI,6,0.7658314921029542,162
MorphComp shape,qNEHVI,7,0.8236089985197448,169
MorphComp shape,qNEHVI,8,0.8292061513203158,166
MorphComp shape,qNEHVI,9,0.8044551450442458,172
MorphComp shape,qNEHVI,10,0.8215282464600576,150
MorphComp shape,qNEHVI,11,0.8187184604644149,159
MorphComp shape,qNEHVI,12,0.8086161478021237,147
MorphComp shape,qNEHVI,13,0.8106670693100374,157
MorphComp shape,qNEHVI,14,0.8152410122824175,160
MorphComp shape,qNEHVI,15,0.8106511686661217,160
MorphComp shape,qNEHVI,16,0.8222239382581167,151
MorphComp shape,qNEHVI,17,0.8135737273625038,164
MorphComp shape,qNEHVI,18,0.823570327814988,142
MorphComp shape,qNEHVI,19,0.8269332005085024,141
MorphComp shape,qNEHVI,20,0.8270529790246287,173
MorphComp shape,LC-SAEA,1,0.8335710610762318,162
MorphComp shape,LC-SAEA,2,0.8164953359371512,159
MorphComp shape,LC-SAEA,3,0.8167220058484415,156
MorphComp shape,LC-SAEA,4,0.836673806681013,162
MorphComp shape,LC-SAEA,5,0.8164053202006651,182
MorphComp shape,LC-SAEA,6,0.7973853506780458,153
MorphComp shape,LC-SAEA,7,0.8350568289090459,164
MorphComp shape,LC-SAEA,8,0.8147622426257495,158
MorphComp shape,LC-SAEA,9,0.8118276072652328,164
MorphComp shape,LC-SAEA,10,0.8164646849838647,156
MorphComp shape,LC-SAEA,11,0.7993622171373017,164
MorphComp shape,LC-SAEA,12,0.8067113787338849,161
MorphComp shape,LC-SAEA,13,0.795312522000706,161
MorphComp shape,LC-SAEA,14,0.8237224435325833,172
MorphComp shape,LC-SAEA,15,0.8117613750109378,165
MorphComp shape,LC-SAEA,16,0.8038840335514801,164
MorphComp shape,LC-SAEA,17,0.7990850730067123,167
MorphComp shape,LC-SAEA,18,0.8298707268885019,154
MorphComp shape,LC-SAEA,19,0.8078123069844902,174
MorphComp shape,LC-SAEA,20,0.8127988478107053,166
MorphComp shape,C-SAEA,1,0.786112676087568,172
MorphComp shape,C-SAEA,2,0.7798867277949071,171
MorphComp shape,C-SAEA,3,0.8083065147286649,180
MorphComp shape,C-SAEA,4,0.8143203880598829,167
MorphComp shape,C-SAEA,5,0.8116178888766705,176
MorphComp shape,C-SAEA,6,0.7961501054700644,163
MorphComp shape,C-SAEA,7,0.8011642115737382,154
MorphComp shape,C-SAEA,8,0.8017472167585484,189
MorphComp shape,C-SAEA,9,0.8127471582859114,166
MorphComp shape,C-SAEA,10,0.8262386200336694,176
MorphComp shape,C-SAEA,11,0.8104202698049212,165
MorphComp shape,C-SAEA,12,0.8032971039735682,164
MorphComp shape,C-SAEA,13,0.8191158023836507,161
MorphComp shape,C-SAEA,14,0.8135398681509228,172
MorphComp shape,C-SAEA,15,0.7602697475673463,166
MorphComp shape,C-SAEA,16,0.8086683565580014,178
MorphComp shape,C-SAEA,17,0.793702629081526,163
MorphComp shape,C-SAEA,18,0.8048372037780912,163
MorphComp shape,C-SAEA,19,0.8099157454686797,156
MorphComp shape,C-SAEA,20,0.818362009101638,165
MorphComp shape,MOEA/D-GP,1,0.8009128977745568,170
MorphComp shape,MOEA/D-GP,2,0.803975772526154,172
MorphComp shape,MOEA/D-GP,3,0.8151091420843032,182
MorphComp shape,MOEA/D-GP,4,0.80545337127108,168
MorphComp shape,MOEA/D-GP,5,0.7921498847770019,172
MorphComp shape,MOEA/D-GP,6,0.8112578292311131,167
MorphComp shape,MOEA/D-GP,7,0.7933219532944744,167
MorphComp shape,MOEA/D-GP,8,0.8095216724338411,166
MorphComp shape,MOEA/D-GP,9,0.7979926298102668,189
MorphComp shape,MOEA/D-GP,10,0.7790469551293846,164
MorphComp shape,MOEA/D-GP,11,0.784711985011665,184
MorphComp shape,MOEA/D-GP,12,0.8074491726697464,157
MorphComp shape,MOEA/D-GP,13,0.7869335962681189,178
MorphComp shape,MOEA/D-GP,14,0.7996308533033583,172
MorphComp shape,MOEA/D-GP,15,0.7995251780250836,180
MorphComp shape,MOEA/D-GP,16,0.7992219954432156,175
MorphComp shape,MOEA/D-GP,17,0.8017848540030765,170
MorphComp shape,MOEA/D-GP,18,0.8120510273261913,175
MorphComp shape,MOEA/D-GP,19,0.8176346914264299,175
MorphComp shape,MOEA/D-GP,20,0.8073704097632861,169
MorphComp shape,SMS-EGO,1,0.7892278593041971,189
MorphComp shape,SMS-EGO,2,0.7766987984065261,189
MorphComp shape,SMS-EGO,3,0.814791291101428,179
MorphComp shape,SMS-EGO,4,0.787983427368578,183
MorphComp shape,SMS-EGO,5,0.7770990033858649,183
MorphComp shape,SMS-EGO,6,0.7912039323773201,169
MorphComp shape,SMS-EGO,7,0.7881055924062911,173
MorphComp shape,SMS-EGO,8,0.8105267302224364,185
MorphComp shape,SMS-EGO,9,0.7823851719017032,169
MorphComp shape,SMS-EGO,10,0.8110024389596615,193
MorphComp shape,SMS-EGO,11,0.7691613752592078,179
MorphComp shape,SMS-EGO,12,0.8040273892808001,193
MorphComp shape,SMS-EGO,13,0.7984705383288994,181
MorphComp shape,SMS-EGO,14,0.7850559524856097,179
MorphComp shape,SMS-EGO,15,0.804484458435838,174
MorphComp shape,SMS-EGO,16,0.8059199555813157,171
MorphComp shape,SMS-EGO,17,0.7715368313319496,181
MorphComp shape,SMS-EGO,18,0.7886044901705871,190
MorphComp shape,SMS-EGO,19,0.7892234157545621,176
MorphComp shape,SMS-EGO,20,0.7808724928315414,172
MorphComp shape,ParEGO,1,0.7703090879461647,169
MorphComp shape,ParEGO,2,0.7965777706056383,183
MorphComp shape,ParEGO,3,0.7984328738133064,185
MorphComp shape,ParEGO,4,0.7869605240922897,186
MorphComp shape,ParEGO,5,0.7826288312288897,186
MorphComp shape,ParEGO,6,0.7986494189418262,189
MorphComp shape,ParEGO,7,0.7926181400670986,188
MorphComp shape,ParEGO,8,0.7697723787278952,205
MorphComp shape,ParEGO,9,0.7826731554041515,173
MorphComp shape,ParEGO,10,0.7878074729289392,198
MorphComp shape,ParEGO,11,0.7531069307265332,193
MorphComp shape,ParEGO,12,0.7972653669201443,174
MorphComp shape,ParEGO,13,0.816136874463745,192
MorphComp shape,ParEGO,14,0.7978850534263303,191
MorphComp shape,ParEGO,15,0.7632247007494642,191
MorphComp shape,ParEGO,16,0.7965285299511579,174
MorphComp shape,ParEGO,17,0.7951419906485443,183
MorphComp shape,ParEGO,18,0.7974298842901879,193
MorphComp shape,ParEGO,19,0.796453322425769,183
MorphComp shape,ParEGO,20,0.7786646992395989,182
MorphComp shape,HF-NSGA-II,1,0.7716512090047007,184
MorphComp shape,HF-NSGA-II,2,0.7657111455620343,205
MorphComp shape,HF-NSGA-II,3,0.7749332764277048,185
MorphComp shape,HF-NSGA-II,4,0.7627709658304598,193
MorphComp shape,HF-NSGA-II,5,0.7923527962178638,188
MorphComp shape,HF-NSGA-II,6,0.7922395582732253,199
MorphComp shape,HF-NSGA-II,7,0.7915991493041549,180
MorphComp shape,HF-NSGA-II,8,0.7660455608458051,186
MorphComp shape,HF-NSGA-II,9,0.7485099338503521,188
MorphComp shape,HF-NSGA-II,10,0.7754960115063015,196
MorphComp shape,HF-NSGA-II,11,0.7884987314842136,201
MorphComp shape,HF-NSGA-II,12,0.7827303006288361,181
MorphComp shape,HF-NSGA-II,13,0.7610930509835163,200
MorphComp shape,HF-NSGA-II,14,0.7765572112033846,199
MorphComp shape,HF-NSGA-II,15,0.7658631607655573,198
MorphComp shape,HF-NSGA-II,16,0.7514509690643681,193
MorphComp shape,HF-NSGA-II,17,0.7644710617611449,190
MorphComp shape,HF-NSGA-II,18,0.7425840958311127,185
MorphComp shape,HF-NSGA-II,19,0.7678268461161357,186
MorphComp shape,HF-NSGA-II,20,0.7765272489960721,204
Phase-field fracture,MF-BCL-SAEA,1,0.8246198340286129,108
Phase-field fracture,MF-BCL-SAEA,2,0.8129935102822144,110
Phase-field fracture,MF-BCL-SAEA,3,0.8212441764021695,117
Phase-field fracture,MF-BCL-SAEA,4,0.8288429450816345,116
Phase-field fracture,MF-BCL-SAEA,5,0.8350609356617558,120
Phase-field fracture,MF-BCL-SAEA,6,0.8247529069661037,117
Phase-field fracture,MF-BCL-SAEA,7,0.8220116157998621,119
Phase-field fracture,MF-BCL-SAEA,8,0.8395585825456259,107
Phase-field fracture,MF-BCL-SAEA,9,0.8233260440269303,119
Phase-field fracture,MF-BCL-SAEA,10,0.8370445995852214,113
Phase-field fracture,MF-BCL-SAEA,11,0.8474831537082583,103
Phase-field fracture,MF-BCL-SAEA,12,0.8427590989207796,97
Phase-field fracture,MF-BCL-SAEA,13,0.8320306676680945,116
Phase-field fracture,MF-BCL-SAEA,14,0.8532517172509265,107
Phase-field fracture,MF-BCL-SAEA,15,0.8364429596282672,97
Phase-field fracture,MF-BCL-SAEA,16,0.8171546804260732,122
Phase-field fracture,MF-BCL-SAEA,17,0.8214431951870463,121
Phase-field fracture,MF-BCL-SAEA,18,0.8415200905441875,107
Phase-field fracture,MF-BCL-SAEA,19,0.8198357598754898,128
Phase-field fracture,MF-BCL-SAEA,20,0.8385939439939268,107
Phase-field fracture,MF-EMTO,1,0.8089595550936576,154
Phase-field fracture,MF-EMTO,2,0.8148059375611842,156
Phase-field fracture,MF-EMTO,3,0.8125775668839564,152
Phase-field fracture,MF-EMTO,4,0.8453715683349092,154
Phase-field fracture,MF-EMTO,5,0.8281755995210773,145
Phase-field fracture,MF-EMTO,6,0.7955486388594152,150
Phase-field fracture,MF-EMTO,7,0.8041844631749686,147
Phase-field fracture,MF-EMTO,8,0.8161195666779085,145
Phase-field fracture,MF-EMTO,9,0.8074900539072455,145
Phase-field fracture,MF-EMTO,10,0.8264306709352868,146
Phase-field fracture,MF-EMTO,11,0.8147134405584464,166
Phase-field fracture,MF-EMTO,12,0.8308482873205341,146
Phase-field fracture,MF-EMTO,13,0.8298368969201041,145
Phase-field fracture,MF-EMTO,14,0.8233133530472271,163
Phase-field fracture,MF-EMTO,15,0.8052370632706459,147
Phase-field fracture,MF-EMTO,16,0.8112285435879785,166
Phase-field fracture,MF-EMTO,17,0.8174255112836564,163
Phase-field fracture,MF-EMTO,18,0.8118832949653507,154
Phase-field fracture,MF-EMTO,19,0.8361475358131342,157
Phase-field fracture,MF-EMTO,20,0.8211894424394196,146
Phase-field fracture,qNEHVI,1,0.8170356717203274,148
Phase-field fracture,qNEHVI,2,0.7994253020659958,155
Phase-field fracture,qNEHVI,3,0.8160787568214077,158
Phase-field fracture,qNEHVI,4,0.8113437545711824,158
Phase-field fracture,qNEHVI,5,0.8253341317838728,167
Phase-field fracture,qNEHVI,6,0.795650125799935,162
Phase-field fracture,qNEHVI,7,0.8167560299674647,151
Phase-field fracture,qNEHVI,8,0.8334463456369786,150
Phase-field fracture,qNEHVI,9,0.8094301426790049,155
Phase-field fracture,qNEHVI,10,0.8119874190659975,157
Phase-field fracture,qNEHVI,11,0.7944880684155599,156
Phase-field fracture,qNEHVI,12,0.7986907687471806,156
Phase-field fracture,qNEHVI,13,0.813075719953716,146
Phase-field fracture,qNEHVI,14,0.8362203240122381,152
Phase-field fracture,qNEHVI,15,0.8090375542065598,150
Phase-field fracture,qNEHVI,16,0.8036071644373577,166
Phase-field fracture,qNEHVI,17,0.80973796413173,161
Phase-field fracture,qNEHVI,18,0.8332575891120829,151
Phase-field fracture,qNEHVI,19,0.8354588035902336,159
Phase-field fracture,qNEHVI,20,0.8188529057784084,171
Phase-field fracture,LC-SAEA,1,0.8182653089975581,153
Phase-field fracture,LC-SAEA,2,0.7988895199496313,165
Phase-field fracture,LC-SAEA,3,0.7755356569388929,161
Phase-field fracture,LC-SAEA,4,0.8061012347807054,161
Phase-field fracture,LC-SAEA,5,0.7909411395586503,165
Phase-field fracture,LC-SAEA,6,0.803232499229065,168
Phase-field fracture,LC-SAEA,7,0.8028638448436831,159
Phase-field fracture,LC-SAEA,8,0.8183178939446255,163
Phase-field fracture,LC-SAEA,9,0.8332989508805487,183
Phase-field fracture,LC-SAEA,10,0.7953147724736058,173
Phase-field fracture,LC-SAEA,11,0.7988633135852448,163
Phase-field fracture,LC-SAEA,12,0.8252297934248511,175
Phase-field fracture,LC-SAEA,13,0.8076818237293754,155
Phase-field fracture,LC-SAEA,14,0.8199577215567493,173
Phase-field fracture,LC-SAEA,15,0.8124685429939025,165
Phase-field fracture,LC-SAEA,16,0.8021322547571474,172
Phase-field fracture,LC-SAEA,17,0.791762802791629,170
Phase-field fracture,LC-SAEA,18,0.8111938246146596,149
Phase-field fracture,LC-SAEA,19,0.8002758389391618,164
Phase-field fracture,LC-SAEA,20,0.8127248357520527,154
Phase-field fracture,C-SAEA,1,0.7964575469144075,163
Phase-field fracture,C-SAEA,2,0.8123451608055928,178
Phase-field fracture,C-SAEA,3,0.7903009327746844,168
Phase-field fracture,C-SAEA,4,0.7936412255662222,166
Phase-field fracture,C-SAEA,5,0.7830875746866554,179
Phase-field fracture,C-SAEA,6,0.7905141846508822,180
Phase-field fracture,C-SAEA,7,0.8075665050576795,184
Phase-field fracture,C-SAEA,8,0.8076858884656966,182
Phase-field fracture,C-SAEA,9,0.8163914582397026,169
Phase-field fracture,C-SAEA,10,0.7889780070874397,186
Phase-field fracture,C-SAEA,11,0.8170565994770014,176
Phase-field fracture,C-SAEA,12,0.8039227209076117,183
Phase-field fracture,C-SAEA,13,0.8141678168359843,156
Phase-field fracture,C-SAEA,14,0.7930798010211153,169
Phase-field fracture,C-SAEA,15,0.7803182545528256,185
Phase-field fracture,C-SAEA,16,0.8045831819993698,172
Phase-field fracture,C-SAEA,17,0.8192628917139774,185
Phase-field fracture,C-SAEA,18,0.7894527976197705,171
Phase-field fracture,C-SAEA,19,0.7857543641325283,184
Phase-field fracture,C-SAEA,20,0.7998204888605732,194
Phase-field fracture,MOEA/D-GP,1,0.8100231509176731,184
Phase-field fracture,MOEA/D-GP,2,0.7731088524222968,182
Phase-field fracture,MOEA/D-GP,3,0.8043424550366599,165
Phase-field fracture,MOEA/D-GP,4,0.8144687840266146,159
Phase-field fracture,MOEA/D-GP,5,0.7986256276033262,181
Phase-field fracture,MOEA/D-GP,6,0.7840780172850997,169
Phase-field fracture,MOEA/D-GP,7,0.8196516675591747,161
Phase-field fracture,MOEA/D-GP,8,0.8048785811479995,190
Phase-field fracture,MOEA/D-GP,9,0.7985775234474303,174
Phase-field fracture,MOEA/D-GP,10,0.7610822735485785,167
Phase-field fracture,MOEA/D-GP,11,0.7929351415876107,165
Phase-field fracture,MOEA/D-GP,12,0.8074912723801091,174
Phase-field fracture,MOEA/D-GP,13,0.781800143240378,183
Phase-field fracture,MOEA/D-GP,14,0.7985745251190292,175
Phase-field fracture,MOEA/D-GP,15,0.7923288116752701,174
Phase-field fracture,MOEA/D-GP,16,0.8111673582867491,165
Phase-field fracture,MOEA/D-GP,17,0.796589182995193,173
Phase-field fracture,MOEA/D-GP,18,0.789776262314918,168
Phase-field fracture,MOEA/D-GP,19,0.7875061387849663,181
Phase-field fracture,MOEA/D-GP,20,0.7962749246535487,179
Phase-field fracture,SMS-EGO,1,0.764156806117856,178
Phase-field fracture,SMS-EGO,2,0.8166579899913771,183
Phase-field fracture,SMS-EGO,3,0.8087047652818432,178
Phase-field fracture,SMS-EGO,4,0.7738455458452402,163
Phase-field fracture,SMS-EGO,5,0.7866428252269873,190
Phase-field fracture,SMS-EGO,6,0.7921147209395208,177
Phase-field fracture,SMS-EGO,7,0.7774618289302614,164
Phase-field fracture,SMS-EGO,8,0.7717405324702004,189
Phase-field fracture,SMS-EGO,9,0.7594689598526144,170
Phase-field fracture,SMS-EGO,10,0.7851241305321329,179
Phase-field fracture,SMS-EGO,11,0.7608197066605998,178
Phase-field fracture,SMS-EGO,12,0.7858854755239943,190
Phase-field fracture,SMS-EGO,13,0.7839402635667477,181
Phase-field fracture,SMS-EGO,14,0.785726413157067,178
Phase-field fracture,SMS-EGO,15,0.7823979476501015,176
Phase-field fracture,SMS-EGO,16,0.7608628497710808,172
Phase-field fracture,SMS-EGO,17,0.7764121234889603,188
Phase-field fracture,SMS-EGO,18,0.7961828283013052,185
Phase-field fracture,SMS-EGO,19,0.7720308534957839,180
Phase-field fracture,SMS-EGO,20,0.7797736500620858,189
Phase-field fracture,ParEGO,1,0.7861728976644266,181
Phase-field fracture,ParEGO,2,0.7997033066101485,173
Phase-field fracture,ParEGO,3,0.780550902853569,197
Phase-field fracture,ParEGO,4,0.7873238759743107,186
Phase-field fracture,ParEGO,5,0.7595974746740446,188
Phase-field fracture,ParEGO,6,0.7574560957174535,180
Phase-field fracture,ParEGO,7,0.755519041928048,201
Phase-field fracture,ParEGO,8,0.7803118285521176,192
Phase-field fracture,ParEGO,9,0.8050398794353306,196
Phase-field fracture,ParEGO,10,0.7658094649137916,180
Phase-field fracture,ParEGO,11,0.8040580904145497,183
Phase-field fracture,ParEGO,12,0.7998304384931949,194
Phase-field fracture,ParEGO,13,0.8148503157265196,189
Phase-field fracture,ParEGO,14,0.7585602903266808,193
Phase-field fracture,ParEGO,15,0.7872471630715056,189
Phase-field fracture,ParEGO,16,0.7778840996532332,176
Phase-field fracture,ParEGO,17,0.7475510766274008,179
Phase-field fracture,ParEGO,18,0.7685146012494377,188
Phase-field fracture,ParEGO,19,0.7617051984698585,171
Phase-field fracture,ParEGO,20,0.7708612118219623,184
Phase-field fracture,HF-NSGA-II,1,0.7649363495528111,174
Phase-field fracture,HF-NSGA-II,2,0.7644256226455287,196
Phase-field fracture,HF-NSGA-II,3,0.7492678662774794,179
Phase-field fracture,HF-NSGA-II,4,0.7704327733701034,199
Phase-field fracture,HF-NSGA-II,5,0.7731884084120368,197
Phase-field fracture,HF-NSGA-II,6,0.7736786771548803,190
Phase-field fracture,HF-NSGA-II,7,0.7541841597145398,205
Phase-field fracture,HF-NSGA-II,8,0.7625910035933987,187
Phase-field fracture,HF-NSGA-II,9,0.7750866508015456,191
Phase-field fracture,HF-NSGA-II,10,0.7824127921353319,194
Phase-field fracture,HF-NSGA-II,11,0.7506353777584479,193
Phase-field fracture,HF-NSGA-II,12,0.7794458492215102,192
Phase-field fracture,HF-NSGA-II,13,0.7651553114402915,205
Phase-field fracture,HF-NSGA-II,14,0.7521268342291988,203
Phase-field fracture,HF-NSGA-II,15,0.7789726548464524,198
Phase-field fracture,HF-NSGA-II,16,0.7626904622981024,189
Phase-field fracture,HF-NSGA-II,17,0.7562964754979334,201
Phase-field fracture,HF-NSGA-II,18,0.7804661268539996,195
Phase-field fracture,HF-NSGA-II,19,0.7635696473654692,193
Phase-field fracture,HF-NSGA-II,20,0.7642947598449356,191
Tricuspid valve,MF-BCL-SAEA,1,0.8288277647776571,105
Tricuspid valve,MF-BCL-SAEA,2,0.8441842464632386,115
Tricuspid valve,MF-BCL-SAEA,3,0.8390902878392199,104
Tricuspid valve,MF-BCL-SAEA,4,0.8415808626135709,103
Tricuspid valve,MF-BCL-SAEA,5,0.836181476797833,114
Tricuspid valve,MF-BCL-SAEA,6,0.8364094726963333,105
Tricuspid valve,MF-BCL-SAEA,7,0.8416884043165169,108
Tricuspid valve,MF-BCL-SAEA,8,0.8263015617781455,121
Tricuspid valve,MF-BCL-SAEA,9,0.8318672793510427,110
Tricuspid valve,MF-BCL-SAEA,10,0.8369153638026062,107
Tricuspid valve,MF-BCL-SAEA,11,0.8386354419539267,110
Tricuspid valve,MF-BCL-SAEA,12,0.8297005789300775,119
Tricuspid valve,MF-BCL-SAEA,13,0.8453113595127265,104
Tricuspid valve,MF-BCL-SAEA,14,0.8236110141692944,103
Tricuspid valve,MF-BCL-SAEA,15,0.8420116478977345,103
Tricuspid valve,MF-BCL-SAEA,16,0.8359226782149238,105
Tricuspid valve,MF-BCL-SAEA,17,0.844699095943972,103
Tricuspid valve,MF-BCL-SAEA,18,0.8312733971347904,96
Tricuspid valve,MF-BCL-SAEA,19,0.8294058355554911,101
Tricuspid valve,MF-BCL-SAEA,20,0.8344686834428469,100
Tricuspid valve,MF-EMTO,1,0.844490620632472,146
Tricuspid valve,MF-EMTO,2,0.8399657670209545,162
Tricuspid valve,MF-EMTO,3,0.8668518322556716,140
Tricuspid valve,MF-EMTO,4,0.8885600553357551,154
Tricuspid valve,MF-EMTO,5,0.8556597251762668,151
Tricuspid valve,MF-EMTO,6,0.8529716451949748,149
Tricuspid valve,MF-EMTO,7,0.872573865042198,149
Tricuspid valve,MF-EMTO,8,0.8721665317672195,152
Tricuspid valve,MF-EMTO,9,0.8518143904390939,158
Tricuspid valve,MF-EMTO,10,0.8588073842450442,169
Tricuspid valve,MF-EMTO,11,0.8732133281488079,152
Tricuspid valve,MF-EMTO,12,0.8602802634675087,159
Tricuspid valve,MF-EMTO,13,0.8485323285968943,163
Tricuspid valve,MF-EMTO,14,0.8456147007146341,143
Tricuspid valve,MF-EMTO,15,0.8722271709984444,135
Tricuspid valve,MF-EMTO,16,0.8646444909121144,148
Tricuspid valve,MF-EMTO,17,0.8596382469026649,136
Tricuspid valve,MF-EMTO,18,0.860852949699781,150
Tricuspid valve,MF-EMTO,19,0.8540637538653041,168
Tricuspid valve,MF-EMTO,20,0.8885389452929617,154
Tricuspid valve,qNEHVI,1,0.8205803747398855,149
Tricuspid valve,qNEHVI,2,0.8146942986795678,147
Tricuspid valve,qNEHVI,3,0.8163523594657548,165
Tricuspid valve,qNEHVI,4,0.821160603495851,157
Tricuspid valve,qNEHVI,5,0.7972847773520352,161
Tricuspid valve,qNEHVI,6,0.8248497306169216,159
Tricuspid valve,qNEHVI,7,0.8262510345928054,160
Tricuspid valve,qNEHVI,8,0.8095498998715204,167
Tricuspid valve,qNEHVI,9,0.8238453861519934,153
Tricuspid valve,qNEHVI,10,0.813041843392914,152
Tricuspid valve,qNEHVI,11,0.8362257059158781,165
Tricuspid valve,qNEHVI,12,0.8038755238413475,164
Tricuspid valve,qNEHVI,13,0.8323910566455708,149
Tricuspid valve,qNEHVI,14,0.8103085452284073,156
Tricuspid valve,qNEHVI,15,0.8017895686078269,156
Tricuspid valve,qNEHVI,16,0.8164225739276324,161
Tricuspid valve,qNEHVI,17,0.8497167528522089,165
Tricuspid valve,qNEHVI,18,0.8092478226012613,147
Tricuspid valve,qNEHVI,19,0.8050951467389964,153
Tricuspid valve,qNEHVI,20,0.823429850025768,149
Tricuspid valve,LC-SAEA,1,0.7968694798339995,183
Tricuspid valve,LC-SAEA,2,0.8421866566074712,167
Tricuspid valve,LC-SAEA,3,0.8117495059832902,173
Tricuspid valve,LC-SAEA,4,0.820643061655039,161
Tricuspid valve,LC-SAEA,5,0.7951225088844699,175
Tricuspid valve,LC-SAEA,6,0.8243720802571866,179
Tricuspid valve,LC-SAEA,7,0.8190746614030675,160
Tricuspid valve,LC-SAEA,8,0.81238190500443,157
Tricuspid valve,LC-SAEA,9,0.8227989872234794,151
Tricuspid valve,LC-SAEA,10,0.8155467206300417,168
Tricuspid valve,LC-SAEA,11,0.8183229355029426,148
Tricuspid valve,LC-SAEA,12,0.8138459229525579,161
Tricuspid valve,LC-SAEA,13,0.8378762268009976,152
Tricuspid valve,LC-SAEA,14,0.7960142230878894,168
Tricuspid valve,LC-SAEA,15,0.8186517179223692,166
Tricuspid valve,LC-SAEA,16,0.8047197014426273,152
Tricuspid valve,LC-SAEA,17,0.8220705865581305,163
Tricuspid valve,LC-SAEA,18,0.8232342441826679,155
Tricuspid valve,LC-SAEA,19,0.8127692033750924,157
Tricuspid valve,LC-SAEA,20,0.8293309317047616,173
Tricuspid valve,C-SAEA,1,0.8216582124448447,183
Tricuspid valve,C-SAEA,2,0.8145510632637827,162
Tricuspid valve,C-SAEA,3,0.7898450027680901,154
Tricuspid valve,C-SAEA,4,0.8275848362130572,171
Tricuspid valve,C-SAEA,5,0.8377471963151744,160
Tricuspid valve,C-SAEA,6,0.8130350083466561,169
Tricuspid valve,C-SAEA,7,0.8071557512009169,167
Tricuspid valve,C-SAEA,8,0.8042436534711928,169
Tricuspid valve,C-SAEA,9,0.8122132991592836,164
Tricuspid valve,C-SAEA,10,0.7766559860763762,172
Tricuspid valve,C-SAEA,11,0.8048540717816685,176
Tricuspid valve,C-SAEA,12,0.786347484125891,158
Tricuspid valve,C-SAEA,13,0.8093669515547744,181
Tricuspid valve,C-SAEA,14,0.8006055597468813,162
Tricuspid valve,C-SAEA,15,0.8166454827657014,173
Tricuspid valve,C-SAEA,16,0.8293699346684499,180
Tricuspid valve,C-SAEA,17,0.8039893426943329,175
Tricuspid valve,C-SAEA,18,0.8373509780258542,170
Tricuspid valve,C-SAEA,19,0.8270079834578414,174
Tricuspid valve,C-SAEA,20,0.8081033356147126,172
Tricuspid valve,MOEA/D-GP,1,0.7951172514663797,161
Tricuspid valve,MOEA/D-GP,2,0.8145051384636354,175
Tricuspid valve,MOEA/D-GP,3,0.7997230261505549,175
Tricuspid valve,MOEA/D-GP,4,0.8210136565044154,172
Tricuspid valve,MOEA/D-GP,5,0.8116429949824862,186
Tricuspid valve,MOEA/D-GP,6,0.806147540826432,188
Tricuspid valve,MOEA/D-GP,7,0.7812436703618674,176
Tricuspid valve,MOEA/D-GP,8,0.7966480403477408,158
Tricuspid valve,MOEA/D-GP,9,0.8116891673328154,172
Tricuspid valve,MOEA/D-GP,10,0.824412987164809,175
Tricuspid valve,MOEA/D-GP,11,0.7855089080059207,187
Tricuspid valve,MOEA/D-GP,12,0.804688294486451,174
Tricuspid valve,MOEA/D-GP,13,0.7993404900167042,173
Tricuspid valve,MOEA/D-GP,14,0.7890827786735533,177
Tricuspid valve,MOEA/D-GP,15,0.8062087995106387,170
Tricuspid valve,MOEA/D-GP,16,0.8045640067361093,168
Tricuspid valve,MOEA/D-GP,17,0.798525702374626,179
Tricuspid valve,MOEA/D-GP,18,0.7938177322491428,179
Tricuspid valve,MOEA/D-GP,19,0.8196958489555247,176
Tricuspid valve,MOEA/D-GP,20,0.8033000099772253,158
Tricuspid valve,SMS-EGO,1,0.8048414142033401,185
Tricuspid valve,SMS-EGO,2,0.8272083075228899,191
Tricuspid valve,SMS-EGO,3,0.8074209449697403,179
Tricuspid valve,SMS-EGO,4,0.7959199233655213,182
Tricuspid valve,SMS-EGO,5,0.8152431976074701,186
Tricuspid valve,SMS-EGO,6,0.79984780049989,174
Tricuspid valve,SMS-EGO,7,0.8011411199466725,171
Tricuspid valve,SMS-EGO,8,0.8081935918276854,186
Tricuspid valve,SMS-EGO,9,0.8051242244647181,183
Tricuspid valve,SMS-EGO,10,0.7954046793070412,182
Tricuspid valve,SMS-EGO,11,0.796796140054428,182
Tricuspid valve,SMS-EGO,12,0.7927595686414142,176
Tricuspid valve,SMS-EGO,13,0.7932178135952918,176
Tricuspid valve,SMS-EGO,14,0.7991112558264344,175
Tricuspid valve,SMS-EGO,15,0.784242640528044,181
Tricuspid valve,SMS-EGO,16,0.7853561249165831,186
Tricuspid valve,SMS-EGO,17,0.8015949957959063,177
Tricuspid valve,SMS-EGO,18,0.7954795791528482,183
Tricuspid valve,SMS-EGO,19,0.803974559011106,180
Tricuspid valve,SMS-EGO,20,0.7954018722222284,184
Tricuspid valve,ParEGO,1,0.7631538173710886,187
Tricuspid valve,ParEGO,2,0.7853492975496212,196
Tricuspid valve,ParEGO,3,0.7809751887464927,187
Tricuspid valve,ParEGO,4,0.7884805623125402,190
Tricuspid valve,ParEGO,5,0.7994132630626506,179
Tricuspid valve,ParEGO,6,0.7915625396543159,184
Tricuspid valve,ParEGO,7,0.7920735017234197,197
Tricuspid valve,ParEGO,8,0.8278116827394266,189
Tricuspid valve,ParEGO,9,0.7652595791160268,178
Tricuspid valve,ParEGO,10,0.7788768327031433,184
Tricuspid valve,ParEGO,11,0.8077752952060688,189
Tricuspid valve,ParEGO,12,0.7990168884760468,183
Tricuspid valve,ParEGO,13,0.7940403893500615,194
Tricuspid valve,ParEGO,14,0.8099246030081858,179
Tricuspid valve,ParEGO,15,0.784059874065147,184
Tricuspid valve,ParEGO,16,0.781444816831425,197
Tricuspid valve,ParEGO,17,0.7915450597902367,186
Tricuspid valve,ParEGO,18,0.7775138321667955,188
Tricuspid valve,ParEGO,19,0.7830873542429507,185
Tricuspid valve,ParEGO,20,0.786068012675336,187
Tricuspid valve,HF-NSGA-II,1,0.7570419185443021,208
Tricuspid valve,HF-NSGA-II,2,0.7868012725716692,193
Tricuspid valve,HF-NSGA-II,3,0.7923436245290773,190
Tricuspid valve,HF-NSGA-II,4,0.7787416214272235,186
Tricuspid valve,HF-NSGA-II,5,0.7765727085026082,188
Tricuspid valve,HF-NSGA-II,6,0.7904161631234751,201
Tricuspid valve,HF-NSGA-II,7,0.7665321560939552,176
Tricuspid valve,HF-NSGA-II,8,0.8148585156721079,185
Tricuspid valve,HF-NSGA-II,9,0.761111255053305,208
Tricuspid valve,HF-NSGA-II,10,0.7936219900430116,195
Tricuspid valve,HF-NSGA-II,11,0.7574983092111487,189
Tricuspid valve,HF-NSGA-II,12,0.765846091470533,214
Tricuspid valve,HF-NSGA-II,13,0.7907871910624618,187
Tricuspid valve,HF-NSGA-II,14,0.7872637080015911,192
Tricuspid valve,HF-NSGA-II,15,0.7701102993439612,200
Tricuspid valve,HF-NSGA-II,16,0.7568140773971852,204
Tricuspid valve,HF-NSGA-II,17,0.762415850395231,196
Tricuspid valve,HF-NSGA-II,18,0.774772860525831,188
Tricuspid valve,HF-NSGA-II,19,0.7826504949460542,203
Tricuspid valve,HF-NSGA-II,20,0.7524256056219121,195
