design_id,specimen,predicted_curvature_per_mm,observed_curvature_per_mm,predicted_pitch_mm,observed_pitch_mm,predicted_blocking_force_mN,observed_blocking_force_mN,centerline_shape_error
D01,1,0.8592670290317962,0.8164955352445824,2.6672534831525465,2.6565409389481958,46.193032720479735,44.55701222228491,0.03382782346937635
D01,2,0.8592670290317962,0.8544609544919479,2.6672534831525465,2.6679532437221947,46.193032720479735,45.84444224111897,0.042481977789159533
D01,3,0.8592670290317962,0.8438197513868376,2.6672534831525465,2.709189083361621,46.193032720479735,45.810174421428016,0.06006638984355499
D01,4,0.8592670290317962,0.8551781195125738,2.6672534831525465,2.612940587181119,46.193032720479735,48.48856121756308,0.05598704307167965
D01,5,0.8592670290317962,0.8733300186814783,2.6672534831525465,2.758219897788747,46.193032720479735,45.71907010438381,0.027369432602095463
D02,1,0.7912091183763509,0.8129105688859736,2.4548988289267575,2.481844356846125,42.83194140115851,40.66654959455669,0.051420307318731776
D02,2,0.7912091183763509,0.7845671989027517,2.4548988289267575,2.3529357089502216,42.83194140115851,45.39126124150808,0.05495937517471664
D02,3,0.7912091183763509,0.7997981379478555,2.4548988289267575,2.5043269594786333,42.83194140115851,43.320956922063836,0.02915377116097441
D02,4,0.7912091183763509,0.8068901054575544,2.4548988289267575,2.5376618712073773,42.83194140115851,41.130023030708855,0.04060360874872588
D02,5,0.7912091183763509,0.7709123628473815,2.4548988289267575,2.4765491838685456,42.83194140115851,41.82350199038661,0.04350217471469304
D03,1,0.7703142419048452,0.7711730380028321,2.5596386272490683,2.50526287685522,31.50199630479848,32.68757021666742,0.04661837301039836
D03,2,0.7703142419048452,0.7792086259514605,2.5596386272490683,2.555413667552754,31.50199630479848,35.340749061661676,0.04612393556624136
D03,3,0.7703142419048452,0.7839229463155353,2.5596386272490683,2.5464360763847274,31.50199630479848,33.35012123617182,0.033587601042422845
D03,4,0.7703142419048452,0.7663261892819215,2.5596386272490683,2.5672597896283706,31.50199630479848,28.073476730414903,0.04433727466166696
D03,5,0.7703142419048452,0.7732064352248057,2.5596386272490683,2.6166586708465966,31.50199630479848,33.87428934868527,0.025847701575852103
D04,1,0.8310388573187987,0.8382291793475901,2.7097091324489355,2.6719987250366586,39.57585864512652,39.35917109540616,0.05437539267691867
D04,2,0.8310388573187987,0.831939576588947,2.7097091324489355,2.7291935146070845,39.57585864512652,38.92594270959736,0.0349687589664901
D04,3,0.8310388573187987,0.824706410711935,2.7097091324489355,2.6557213073014383,39.57585864512652,36.43443786705955,0.04815581811555679
D04,4,0.8310388573187987,0.8166929472780146,2.7097091324489355,2.729011014941697,39.57585864512652,45.06810436452891,0.028282947960450958
D04,5,0.8310388573187987,0.8444559667051771,2.7097091324489355,2.7261867934950987,39.57585864512652,38.63625336180892,0.03762958184323203
D05,1,0.7988218989233807,0.7958321952020471,2.6087628367521685,2.5389661626615934,45.127268824805704,47.64752097779125,0.04372041473806659
D05,2,0.7988218989233807,0.7985967127681598,2.6087628367521685,2.651551368365144,45.127268824805704,46.02092619253243,0.058694199623461486
D05,3,0.7988218989233807,0.7859167616655546,2.6087628367521685,2.6333163480050756,45.127268824805704,44.318400903307,0.029548584268261895
D05,4,0.7988218989233807,0.7805455402333953,2.6087628367521685,2.6012465783231944,45.127268824805704,43.69342267357748,0.030569169322059855
D05,5,0.7988218989233807,0.7991821868727088,2.6087628367521685,2.5569723329135066,45.127268824805704,46.606122586385915,0.03434579896931335
D06,1,0.833779304413191,0.8605356946279413,2.87174534157195,2.7952507522856713,43.287038344443154,46.19051692033868,0.037481778690438984
D06,2,0.833779304413191,0.8364679784077466,2.87174534157195,2.8892145468555084,43.287038344443154,45.06477747737638,0.03183534728438893
D06,3,0.833779304413191,0.8421512035000535,2.87174534157195,2.8625959049496363,43.287038344443154,44.84652767750163,0.06758067156651029
D06,4,0.833779304413191,0.8477410272422573,2.87174534157195,2.8744357941764607,43.287038344443154,43.615163644007794,0.04673263580186703
D06,5,0.833779304413191,0.8418934779847324,2.87174534157195,2.8759377151293637,43.287038344443154,40.83074555477736,0.033048593715768904
D07,1,0.8407015081344084,0.8442181479281895,2.875610660848627,2.943963838804406,37.27090492788096,35.41168767102917,0.03129289313152766
D07,2,0.8407015081344084,0.8212422371038395,2.875610660848627,2.9188674381910267,37.27090492788096,34.59928558920245,0.027081982838952523
D07,3,0.8407015081344084,0.8500153413098236,2.875610660848627,2.8735670037895047,37.27090492788096,36.361202115285465,0.06747294130579391
D07,4,0.8407015081344084,0.8358887347871699,2.875610660848627,2.88661248038761,37.27090492788096,41.197745957785244,0.0395300378812227
D07,5,0.8407015081344084,0.8485797059479281,2.875610660848627,2.861620110703786,37.27090492788096,38.78127726249838,0.03405235228507073
D08,1,0.7931343282576356,0.8205182377432189,2.7237938477538317,2.6733958454269793,52.660472490456314,51.6361699173395,0.023198999283406005
D08,2,0.7931343282576356,0.782741681843384,2.7237938477538317,2.785150402865663,52.660472490456314,49.827381243845146,0.03221653011059699
D08,3,0.7931343282576356,0.7707324100063465,2.7237938477538317,2.782978817797928,52.660472490456314,52.73739923009866,0.04583511414086041
D08,4,0.7931343282576356,0.8008291470586482,2.7237938477538317,2.7401443527023703,52.660472490456314,56.07470688866619,0.03816263873315215
D08,5,0.7931343282576356,0.8007989306903857,2.7237938477538317,2.7076014250812754,52.660472490456314,51.71480650374876,0.03770658842806942
D09,1,0.8078345708544725,0.8011818674202862,2.8825002269392566,2.888501383374138,48.001286380708244,49.414448946355655,0.04259848461294388
D09,2,0.8078345708544725,0.8082908996327569,2.8825002269392566,2.855130875394984,48.001286380708244,49.42459061638894,0.03817915908398763
D09,3,0.8078345708544725,0.8311715417333088,2.8825002269392566,2.988079510461697,48.001286380708244,48.70602806336869,0.03517140098382889
D09,4,0.8078345708544725,0.7897474922859724,2.8825002269392566,2.950692138710059,48.001286380708244,45.83869604791542,0.03412514575458035
D09,5,0.8078345708544725,0.7887024628083505,2.8825002269392566,3.004338785981707,48.001286380708244,45.96264280538107,0.023344855578546188
D10,1,0.8454216770932852,0.8453400001005106,2.4500721424668876,2.357531415490415,43.92006882671524,40.28368402947924,0.04732202438879335
D10,2,0.8454216770932852,0.8478078188005763,2.4500721424668876,2.4991221736682454,43.92006882671524,44.49741219862383,0.056243903432436036
D10,3,0.8454216770932852,0.8547458857611984,2.4500721424668876,2.435359609385898,43.92006882671524,44.682199488049214,0.05267142507295224
D10,4,0.8454216770932852,0.8655785448926427,2.4500721424668876,2.4030852453883593,43.92006882671524,45.42281868049349,0.016699747002762076
D10,5,0.8454216770932852,0.8654418345750203,2.4500721424668876,2.38599067775941,43.92006882671524,45.3525509772578,0.04935765292972423
D11,1,0.8459199697042658,0.8427066450735042,2.590948255670277,2.593195364983988,34.24535152785586,33.60309573017164,0.04121926904362147
D11,2,0.8459199697042658,0.8484082499284675,2.590948255670277,2.5169644968430136,34.24535152785586,36.19412964450957,0.05197536533318776
D11,3,0.8459199697042658,0.8657912197844105,2.590948255670277,2.5784916055678986,34.24535152785586,31.300294456879726,0.02907993824900832
D11,4,0.8459199697042658,0.8459044778564958,2.590948255670277,2.548674372722967,34.24535152785586,35.67680057625221,0.03746706256790366
D11,5,0.8459199697042658,0.866348168966199,2.590948255670277,2.661343676176843,34.24535152785586,33.76179747961625,0.0590017209488453
D12,1,0.7962930978652546,0.7797804615658771,2.7865151028388238,2.8194158901023925,42.4947025524634,41.48346000141023,0.051080750168995326
D12,2,0.7962930978652546,0.797072510398826,2.7865151028388238,2.7661665187532822,42.4947025524634,40.277601735983176,0.022733350161025068
D12,3,0.7962930978652546,0.7793916552772739,2.7865151028388238,2.704993139886524,42.4947025524634,40.334864510281534,0.041066865369454295
D12,4,0.7962930978652546,0.8129581411469817,2.7865151028388238,2.80246957910472,42.4947025524634,42.767042996954295,0.04646105056537701
D12,5,0.7962930978652546,0.7965273735995306,2.7865151028388238,2.747789785341566,42.4947025524634,39.88323813614841,0.03326705269866917
