specimen,temperature_C,DSC_heat_flow_arb,DMA_storage_modulus_MPa,free_axial_contraction_fraction
1,20.0,0.06823518970191209,5.319697962108719,0.0006971875051196807
1,21.0,0.14702242541879046,5.31969737124407,0.0009153036382034321
1,22.0,0.10801561667961765,5.319696643521384,0.0
1,23.0,0.07999887926963373,5.319695747241198,0.0
1,24.0,0.028930948454069592,5.319694643361755,0.0
1,25.0,0.10977172589688852,5.319693283798379,0.0
1,26.0,0.038491109034515546,5.319691609328955,0.0
1,27.0,0.035647118376204795,5.319689547014307,0.0
1,28.0,0.10182920212361513,5.3196870070210736,0.0
1,29.0,0.09437606021532537,5.319683878708761,0.0015630646200053928
1,30.0,0.012947533919807911,5.3196800258105235,0.0
1,31.0,0.034159387001601524,5.3196752804977985,0.0001573582566800961
1,32.0,0.023774464269675603,5.319669436070344,0.0
1,33.0,0.016204866771823808,5.319662237953347,0.0
1,34.0,0.014466375883623988,5.319653372609627,0.0003680936314705813
1,35.0,-0.005540693814909712,5.319642453884198,0.0
1,36.0,-0.036018709904563274,5.3196290061867515,0.0009128883487786528
1,37.0,-0.03632123218250505,5.3196124437801116,0.0008936840478902743
1,38.0,-0.006274188903999816,5.319592045273338,0.002941549715155676
1,39.0,-0.053184153908475695,5.319566922209797,0.0021815746440162547
1,40.0,-0.043559239225601246,5.319535980383986,0.0010714671850613755
1,41.0,-0.04624017446952415,5.319497872205218,0.0
1,42.0,-0.07411861263351982,5.319450938037967,0.0014146988689920815
1,43.0,-0.038102904928703885,5.319393133970894,0.0
1,44.0,-0.0741120124553971,5.3193219428792755,0.0036339882349487127
1,45.0,-0.06516727803047527,5.319234264923429,0.0
1,46.0,-0.10382163554242761,5.319126282738669,0.0005199094114607848
1,47.0,-0.09193228305212656,5.3189932954830175,0.0007891596711696022
1,48.0,-0.09909891705644208,5.318829514572192,0.0010590514700238845
1,49.0,-0.070429464205994,5.318627812292719,0.001527936658453701
1,50.0,-0.10914816229017547,5.318379412477069,0.0
1,51.0,-0.06155543893667344,5.318073509970276,0.0038788202201176687
1,52.0,-0.09315884156913501,5.317696802620666,0.0
1,53.0,-0.12413283233169144,5.317232915876024,0.0014637150069007586
1,54.0,-0.11567941593287662,5.316661695629322,0.0018076347205652301
1,55.0,-0.09838198742823347,5.315958339584048,0.0026748045859834833
1,56.0,-0.1013278901661245,5.31509233092709,0.0008587577721484536
1,57.0,-0.10254767829823147,5.314026130320785,0.0020800932278401078
1,58.0,-0.08243877956645942,5.312713572960263,0.004701900570684189
1,59.0,-0.05362389867689637,5.3110979065008905,0.0012392853086174392
1,60.0,-0.08461967101024823,5.309109392892487,0.002171980287208849
1,61.0,-0.05911206801136875,5.306662382493124,0.0025354910844594732
1,62.0,-0.10711964854436418,5.303651752365178,0.007964419778844264
1,63.0,-0.04052329183372981,5.299948582744645,0.005949656156952583
1,64.0,-0.05471650552449287,5.295394927144038,0.009259185823749448
1,65.0,-0.06916608780387123,5.289797513949708,0.007803872415041945
1,66.0,-0.01964385418926894,5.282920203381681,0.009177452707661666
1,67.0,-0.0323236850715748,5.274475017665016,0.010640258384471973
1,68.0,-0.02244305806523172,5.264111571058258,0.012464872104032246
1,69.0,0.019536422811400563,5.251404760354129,0.013645022723989236
1,70.0,0.02755799717828812,5.235840650785243,0.015297135751386389
1,71.0,0.0743445452568473,5.216800628407801,0.01635454577014946
1,72.0,0.11554517318291711,5.193544117163362,0.017485212172484405
1,73.0,0.14905991996333018,5.165190514473765,0.020764548529663918
1,74.0,0.18958268424086272,5.13070152809485,0.02809446601152261
1,75.0,0.23349971393562313,5.088865845615568,0.030093568827993702
1,76.0,0.29602080468076725,5.038289072284165,0.03593361191709825
1,77.0,0.4200894168754196,4.9773931333702945,0.03736992712752786
1,78.0,0.49544682217749986,4.904430778091485,0.04408594599684146
1,79.0,0.6328522777714882,4.81752223031531,0.05527570140483163
1,80.0,0.7326994823006358,4.714721983537336,0.059804273423878895
1,81.0,0.8661341049706898,4.594123539460284,0.0680760866232009
1,82.0,1.0910904817074365,4.454007582736523,0.07738099158871109
1,83.0,1.1957886745762072,4.293033615648725,0.08717131424816302
1,84.0,1.4194290173674313,4.110465727950726,0.09452099104075605
1,85.0,1.4432856942166667,3.906410292193065,0.10426749129817794
1,86.0,1.6352146364553863,3.6820291979312776,0.11817236421734319
1,87.0,1.7143200708583,3.439681350488707,0.12766510226917877
1,88.0,1.7680660522134564,3.1829437387507276,0.14175273514498438
1,89.0,1.7913867054926096,2.9164767503981897,0.15473494997541035
1,90.0,1.8517639430273818,2.6457274556926627,0.16925995972886446
1,91.0,1.7899561138255942,2.3765029948182352,0.17889448633045718
1,92.0,1.7764601295467821,2.1144813277414345,0.19398029126894306
1,93.0,1.667775964158516,1.8647446788602684,0.20223485258135776
1,94.0,1.5550359570953767,1.6314143813929185,0.21485127292482892
1,95.0,1.4019618811468513,1.417437342790412,0.22487150284518623
1,96.0,1.209295319320419,1.2245356959072544,0.23380163858041303
1,97.0,1.0557401036476848,1.0532964331881418,0.24575218669965743
1,98.0,0.9185876349081968,0.9033566681735429,0.2509445727213124
1,99.0,0.7617148498171183,0.7736350037025669,0.2613587149391504
1,100.0,0.6332728203260679,0.6625666491948401,0.26919041391220966
1,101.0,0.4975608719797271,0.5683132414849386,0.2772324227708792
1,102.0,0.41632500707893016,0.48893224852932643,0.282765545957729
1,103.0,0.2865393256054895,0.4225020136742865,0.2877484057927547
1,104.0,0.2347708971423037,0.3672057752599287,0.29436318362256364
1,105.0,0.17404920997843315,0.32138168846360116,0.29677166948579364
1,106.0,0.11003544573615809,0.28354694937941805,0.30014388209049003
1,107.0,0.03432668136547773,0.2524036140184461,0.30513124614195364
1,108.0,0.021665444194608738,0.226832445940777,0.3046401193131284
1,109.0,-0.005522578511982222,0.20587966326841767,0.30692589482891264
1,110.0,-0.02181943856212054,0.18874009295019076,0.31112412652001453
1,111.0,-0.02099205064756141,0.1747391100675229,0.3118403739910052
1,112.0,-0.03620984565649442,0.16331487229834618,0.31021120121956414
1,113.0,-0.05848315991937322,0.15400173139761864,0.3145846860305828
1,114.0,-0.04825310213920934,0.14641527106906377,0.31805439245276956
1,115.0,-0.08807981443734464,0.1402391372897441,0.3194633184880107
1,116.0,-0.10533897967939893,0.13521365171497415,0.31860878437976786
1,117.0,-0.099955306965384,0.13112609807675474,0.32160619068488816
1,118.0,-0.10662360679625242,0.1278025204981224,0.31961949596557915
1,119.0,-0.08130693531538243,0.12510085338424695,0.32475088449220463
1,120.0,-0.11140368418383922,0.12290520253790396,0.32478679908375757
1,121.0,-0.1165012698828849,0.1211211080080304,0.3241268989343465
1,122.0,-0.0833780101468668,0.11967163547952835,0.32295291841382445
1,123.0,-0.0889819292819986,0.11849416135006165,0.32071273842839115
1,124.0,-0.0820345853806915,0.11753773498650612,0.32421538213411955
1,125.0,-0.09659582308687996,0.11676091888068009,0.3222773567029812
1,126.0,-0.11717519634792564,0.1161300229750173,0.3198291471915041
1,127.0,-0.09285391898787358,0.1156176631011044,0.32569596753014685
1,128.0,-0.0629739606066125,0.11520158527247079,0.3229875055609173
1,129.0,-0.05674525370126684,0.11486370761673347,0.3241182501556891
1,130.0,-0.07929295098652812,0.11458934019534305,0.3258535973357196
1,131.0,-0.05559243592910159,0.11436655003519379,0.32439587994660896
1,132.0,-0.04326255240158172,0.11418564457710967,0.3214640654352541
1,133.0,-0.05215480718727756,0.1140387516106832,0.3256719942143671
1,134.0,-0.0005507867519796011,0.11391947777388593,0.32248330716996515
1,135.0,-0.011667296797033488,0.11382263099007721,0.32611492654662827
1,136.0,0.008810677297653238,0.11374399491562312,0.3227868460494563
1,137.0,-0.017301819813597227,0.11368014568114423,0.32625714186242755
1,138.0,0.010813445479797464,0.11362830301492366,0.32260262604330353
1,139.0,0.0023390410848210946,0.11358620931042131,0.3235918184377579
1,140.0,0.03654776358860665,0.11355203140107525,0.32510196016690146
1,141.0,0.02607390946752819,0.1135242807841425,0.3260318143037921
1,142.0,0.03769870115895601,0.11350174883200834,0.32463593016478093
1,143.0,0.05597859091420109,0.11348345417765614,0.32194225631708656
1,144.0,0.04999651523252984,0.11346859998826851,0.3240588827123232
1,145.0,0.03713973383421977,0.11345653926966136,0.3236532264829517
2,20.0,0.0929199523329567,5.3081612850494295,0.0016135651595120856
2,21.0,0.10130004259765017,5.308160682082552,0.0027106533945835372
2,22.0,0.134150058555505,5.308159939454485,0.0
2,23.0,0.0981668694692759,5.308159024816488,0.002715607698266443
2,24.0,0.10456575221643956,5.308157898327151,0.0020513735028715066
2,25.0,0.0817504820393398,5.308156510916923,0.0
2,26.0,0.06009132179797509,5.308154802150701,0.0
2,27.0,0.04444833213381828,5.308152697595369,0.0025533897660081485
2,28.0,-0.0013667376220514171,5.308150105577609,0.0
2,29.0,0.09433982967455434,5.308146913190808,0.0024644996060054756
2,30.0,0.002709035144284083,5.3081429813771415,0.0
2,31.0,0.05536229122037442,5.308138138870651,0.0
2,32.0,0.016020121446524743,5.308132174737574,0.0
2,33.0,0.045381547436569344,5.308124829189092,0.0006645969537538267
2,34.0,0.03212614581061231,5.308115782266463,0.0015858351846236777
2,35.0,-0.0035177700541600345,5.308104639905966,0.0
2,36.0,0.02842836461707949,5.308090916777029,0.0
2,37.0,-0.03608659093655212,5.308074015146624,0.00337627674805349
2,38.0,-0.093236185223874,5.30805319885016,0.0
2,39.0,0.007919761781497649,5.308027561236545,0.0004940615386740784
2,40.0,-0.04982162261800027,5.307995985693243,0.0028573006115551695
2,41.0,-0.054753508430485084,5.307957097035091,0.0
2,42.0,-0.06951621919377318,5.307909201644438,0.0
2,43.0,-0.08381044262385813,5.307850213762653,0.0
2,44.0,-0.047905908392383845,5.307777564733835,0.0
2,45.0,-0.06588002075252583,5.307688091264837,0.002755376226791248
2,46.0,-0.07871233347844167,5.307577897860752,0.0009360119582682923
2,47.0,-0.0922103914490987,5.307442187483746,0.0
2,48.0,-0.11318737335823911,5.3072750531197395,0.00017585612682451764
2,49.0,-0.0705648924708952,5.30706922126603,0.0
2,50.0,-0.10525836624398616,5.306815736306362,0.0015454611018716874
2,51.0,-0.11105314442487907,5.306503572237357,0.001213895309991716
2,52.0,-0.06019379634528284,5.306119155155198,0.003360039829525709
2,53.0,-0.10765524465304435,5.305645776190232,0.0
2,54.0,-0.08617933538132731,5.305062870056566,0.00096758410143362
2,55.0,-0.09271857952302069,5.30434512891049,0.0
2,56.0,-0.08924821354119346,5.303461414613814,0.0017473157183385158
2,57.0,-0.09424441050741714,5.302373424587784,0.0
2,58.0,-0.10035526133421972,5.301034057026423,0.002598715327685804
2,59.0,-0.025225188024063733,5.299385410130381,0.0006838742372047594
2,60.0,-0.08181705928886525,5.297356337079335,0.0018867396325265725
2,61.0,-0.0670422378345318,5.294859463626832,0.0033597265651600576
2,62.0,-0.03535311163183129,5.291787558588133,0.005402316547434329
2,63.0,-0.0477040384129138,5.288009129502671,0.005337385047599812
2,64.0,-0.031327443057787084,5.283363097271821,0.0070274270772423784
2,65.0,-0.07872414506165115,5.277652386246334,0.007766181062489627
2,66.0,-0.04524970639215713,5.270636252886719,0.010118559786894087
2,67.0,-0.014610637928548064,5.26202117132591,0.007349183291892741
2,68.0,-0.02090909927956539,5.251450105077047,0.009575429045330746
2,69.0,0.02893816288714437,5.238490031536219,0.01762938713658159
2,70.0,0.053443912762177866,5.22261766557734,0.013278821353867164
2,71.0,0.06575788126174227,5.203203472617592,0.01976178312734425
2,72.0,0.11132240820519511,5.179494300037087,0.01953137941480817
2,73.0,0.15943480465730323,5.150595327102101,0.02328542603524657
2,74.0,0.19140900351720505,5.11545258271127,0.025642064332397786
2,75.0,0.24924661636732612,5.072838053452652,0.03103689385668084
2,76.0,0.35513795198956544,5.021340435037606,0.03571574419723576
2,77.0,0.43282580525458375,4.95936586284976,0.045168258223761415
2,78.0,0.5070677026318808,4.885154404838195,0.04291504923519364
2,79.0,0.6203757228436049,4.796819480813981,0.05686134952829111
2,80.0,0.7901057402782583,4.6924182371801235,0.06207041343001468
2,81.0,0.9089550749252298,4.570060531506052,0.06964555837670643
2,82.0,1.0874513815420461,4.4280615889295,0.07441063739297356
2,83.0,1.2319155692185946,4.265137540976068,0.08683043866718254
2,84.0,1.3839826714012617,4.080633305554651,0.09543328746432489
2,85.0,1.4968955170482747,3.8747591228905596,0.10755246516430614
2,86.0,1.6108505906421702,3.6487980097855166,0.11512203573335988
2,87.0,1.6830433023827716,3.4052362403199674,0.1331395122565929
2,88.0,1.8118635280373134,3.147768925289364,0.14184489043380255
2,89.0,1.8278984824313185,2.8811478627384295,0.1545472791407218
2,90.0,1.8252596030912571,2.6108692571283383,0.16749594364328754
2,91.0,1.7894316042912415,2.3427375663135135,0.1817368579768666
2,92.0,1.7239676788510205,2.082375560973425,0.19558160245711226
2,93.0,1.637243893308138,1.8347662588036042,0.20075260407319287
2,94.0,1.514561239891436,1.603903103492976,0.2151237278616866
2,95.0,1.3831543159847226,1.3925945765501486,0.22902695878021181
2,96.0,1.2323068611053898,1.2024306298988099,0.23545737633157574
2,97.0,1.0593193494241562,1.0338847543009346,0.24107411047470495
2,98.0,0.949327083458513,0.8865061271337773,0.2567539352686257
2,99.0,0.8237794990000826,0.759152706762399,0.26176774711963546
2,100.0,0.6259456598865866,0.6502242559313999,0.27438908220399444
2,101.0,0.5178131780392998,0.5578678592038686,0.27550454520898193
2,102.0,0.43707422738041884,0.4801422170686828,0.2835555337863653
2,103.0,0.334305956692512,0.4151377560088134,0.28795853830845325
2,104.0,0.2417237057446664,0.36105643671948123,0.29375375652216895
2,105.0,0.16376465375507684,0.31625849387782634,0.29431674118323403
2,106.0,0.07588162101250175,0.279284194191177,0.3062358555806172
2,107.0,0.05370411661960442,0.24885807760662926,0.3022576088391946
2,108.0,0.051712864087746696,0.22388184697104643,0.3054787183022741
2,109.0,-0.03200296346773322,0.20342061148504464,0.3080476809371739
2,110.0,-0.04772690340222213,0.1866858503795014,0.30885497911629556
2,111.0,-0.027020819860432442,0.17301736368718187,0.31332451494785263
2,112.0,-0.08098781718900602,0.16186563860835013,0.3139457010992873
2,113.0,-0.08111787555423836,0.15277545637300954,0.315243169578402
2,114.0,-0.06806372712570255,0.1453711511791297,0.3164573991658457
2,115.0,-0.1243302353051404,0.13934366353217406,0.3160518064684934
2,116.0,-0.06584920318174539,0.1344393647304557,0.3182698388708082
2,117.0,-0.12165354295788551,0.13045053515361857,0.3200214001827549
2,118.0,-0.10279671022129551,0.1272073322952911,0.3186291612296677
2,119.0,-0.08150332955358128,0.1245710678453432,0.32282813017292916
2,120.0,-0.05092237959024329,0.12242861462385238,0.323025614136834
2,121.0,-0.10834774778022414,0.12068777580910531,0.319718829851497
2,122.0,-0.1319956697280398,0.11927346551918054,0.3198395005416933
2,123.0,-0.10259184634351931,0.11812456818348518,0.32144021102164727
2,124.0,-0.09280075216255776,0.11719136236905466,0.3218952018877107
2,125.0,-0.0710352399997361,0.11643341175473339,0.32107387620712824
2,126.0,-0.058634592531067925,0.11581784126672649,0.32143789358959346
2,127.0,-0.07552024555522603,0.11531792982727594,0.32236472749423456
2,128.0,-0.052772751241525376,0.11491196274536022,0.3231710284236155
2,129.0,-0.07439643918014598,0.11458229662139405,0.32316732158297906
2,130.0,-0.10821252172383905,0.11431459792418228,0.32313470563008373
2,131.0,-0.053012389071808066,0.11409722332150923,0.32426070515023786
2,132.0,-0.01592005068366105,0.11392071559619067,0.3263505979009714
2,133.0,-0.0407959993162816,0.11377739373399176,0.32628348869241774
2,134.0,-0.054206627482801265,0.11366101968682707,0.3238818428101515
2,135.0,-0.011304234850192978,0.11356652753243061,0.3247564734126229
2,136.0,0.006544182622887331,0.11348980338902465,0.326847519343537
2,137.0,-0.0034858545473583297,0.11342750660118668,0.3261111730029934
2,138.0,0.007279731269372739,0.11337692447578009,0.32707783484857894
2,139.0,0.025368937068326262,0.11333585428509584,0.32598047213364884
2,140.0,0.004068522389252753,0.11330250742683796,0.3254462355608335
2,141.0,-0.006740596055425929,0.1132754315856644,0.32328813693536984
2,142.0,0.04301707451402148,0.11325344751849895,0.3253286562902909
2,143.0,0.05701957551879658,0.11323559771846171,0.32369957363274404
2,144.0,0.0486118050067741,0.11322110472680919,0.3251585840836812
2,145.0,0.07036365088211846,0.11320933728063773,0.3240180476242004
3,20.0,0.075951445957022,5.19772433569864,0.0
3,21.0,0.037177065857938785,5.197723669733193,0.0
3,22.0,0.08029107961364049,5.197722849514643,0.003436334287466255
3,23.0,0.07519328479860463,5.1977218393144495,0.0
3,24.0,0.076575280010031,5.197720595128558,0.0
3,25.0,0.1207933804860018,5.197719062760636,0.0
3,26.0,0.06939133467574256,5.197717175461343,0.0
3,27.0,0.046739472382875964,5.197714851020837,0.0
3,28.0,0.05625628002503713,5.197711988187875,0.0
3,29.0,0.03731509037642792,5.197708462259542,0.0021062169804186466
3,30.0,0.04845550946938009,5.197704119649564,0.0017647251981201776
3,31.0,0.006393303716065175,5.1976987711986355,0.0010236692667417611
3,32.0,0.0027816600759193906,5.197692183935477,0.0010674883628959324
3,33.0,0.010740974928746445,5.197684070929879,0.0
3,34.0,0.014866282154480024,5.197674078795935,0.0
3,35.0,-0.013521376158461058,5.1976617723014815,0.0020347388927838546
3,36.0,-0.043285444514855435,5.197646615413788,0.0030880640331359373
3,37.0,-0.02068938065390208,5.197627947956687,0.0
3,38.0,-0.036302404289099734,5.197604956863468,0.0
3,39.0,-0.07472011995681478,5.197576640775099,0.0005429881352451469
3,40.0,-0.09002916271905045,5.197541766444438,0.0
3,41.0,-0.059961010094995375,5.197498815051433,4.2211700907633155e-05
3,42.0,-0.08791263716506771,5.197445916097141,0.0021025693173273774
3,43.0,-0.07647735594119641,5.19738076600638,0.003361219116681377
3,44.0,-0.10600864714330571,5.197300527907758,0.0023844357330718683
3,45.0,-0.1133014078426117,5.197201708247251,0.0
3,46.0,-0.08010101475959622,5.19708000489367,0.0023376324844418027
3,47.0,-0.09341653347592895,5.196930120169568,0.00017898184096096074
3,48.0,-0.07294014623093925,5.196745530739158,0.0015419515098635905
3,49.0,-0.07252490868843439,5.196518204444756,0.0006841759672500073
3,50.0,-0.06882687989866301,5.19623825193168,0.0
3,51.0,-0.11302920821596148,5.195893498151052,0.0
3,52.0,-0.07718026416711121,5.195468955476237,0.0011354754424537854
3,53.0,-0.10271808681278194,5.194946176089606,0.0024718259594190507
3,54.0,-0.1163655199972224,5.194302456350249,0.0027866179542165234
3,55.0,-0.09558024130546848,5.19350985987918,0.006529815793527518
3,56.0,-0.10387817677794978,5.192534018918356,0.001363230246186327
3,57.0,-0.0846168993587188,5.191332664944589,0.002161835526692519
3,58.0,-0.09811838417020896,5.189853829361958,0.005282452509077801
3,59.0,-0.0790773825582496,5.188033643194174,0.005207128900379611
3,60.0,-0.07986928618359289,5.185793650952747,0.003775222829633431
3,61.0,-0.0915442081478243,5.18303753829611,0.004962580783562222
3,62.0,-0.09055638233944142,5.1796471559755854,0.008376454661903409
3,63.0,-0.04606342035552153,5.175477704525043,0.001547392549224905
3,64.0,-0.03438983794777089,5.170351926448731,0.007564356118512847
3,65.0,0.002616480699306846,5.16405313751335,0.011422379870051246
3,66.0,-0.006082353873861419,5.1563169198319985,0.00890661016294754
3,67.0,-0.0027800499528587005,5.1468213025668526,0.012993256132879343
3,68.0,0.02477940936345907,5.135175280188947,0.009726055282655577
3,69.0,0.0655339068399739,5.120905576513966,0.011868739092569514
3,70.0,0.00826313603428263,5.103441674071213,0.017439943292679977
3,71.0,0.02265037265550323,5.082099318770978,0.01601687049337008
3,72.0,0.0840045613671643,5.0560630134304,0.021960567537687634
3,73.0,0.1351228998614247,5.024368472282865,0.025180933089760178
3,74.0,0.1943810678555451,4.985886667968744,0.02890587146126018
3,75.0,0.2878737348629643,4.939312002938061,0.03329291498741436
3,76.0,0.3700662757553002,4.883158293585383,0.032733607578824826
3,77.0,0.4672556976001727,4.815767622584025,0.04361880113746608
3,78.0,0.5688110736493628,4.7353385342150585,0.05070169370408705
3,79.0,0.6442665288151246,4.63998117780314,0.054508945693871144
3,80.0,0.8317691448498505,4.527807254200237,0.06386623906091808
3,81.0,0.9326996762552311,4.397061126167742,0.07173826991121822
3,82.0,1.13973064320573,4.2462941839526005,0.08371730916037903
3,83.0,1.254671449563892,4.074576644204973,0.09111372459438448
3,84.0,1.3998044255268274,3.881729323382653,0.10226270827115845
3,85.0,1.555785991008149,3.668544096609348,0.11193120246250292
3,86.0,1.6582785239489104,3.4369494962680784,0.1254063008131688
3,87.0,1.771949801223139,3.1900729432194774,0.13066600315292007
3,88.0,1.8845150375000697,2.9321592573683293,0.15333677103439108
3,89.0,1.829945120703188,2.668328965716076,0.1603355369630573
3,90.0,1.802944549057349,2.404195685818324,0.17646605232250026
3,91.0,1.7742518871298454,2.145398730097583,0.18573661951722653
3,92.0,1.6557661673847677,1.8971311899164776,0.19756492841919515
3,93.0,1.5435229721801558,1.6637450804699538,0.210738008827176
3,94.0,1.4507313261978891,1.4484930899063966,0.22327077586204605
3,95.0,1.2873657588310523,1.2534303103585553,0.22799880551434937
3,96.0,1.1604411085300157,1.0794628380522655,0.24046623814144089
3,97.0,0.9470602871801723,0.9265046830546613,0.25202571789716804
3,98.0,0.7710516138150946,0.7936946395864178,0.25758710302773763
3,99.0,0.6365038351704501,0.6796285876454905,0.26609817549772447
3,100.0,0.5649909409499174,0.582574473686953,0.27535858311341643
3,101.0,0.4446152225515083,0.5006511011151153,0.27936572607760934
3,102.0,0.3274353297291647,0.43196383953328615,0.2868233857588408
3,103.0,0.21047749482364042,0.3746986874830205,0.28865914514025987
3,104.0,0.14411807750066483,0.3271807461591903,0.29811875934059107
3,105.0,0.08305136739875894,0.28790490051844797,0.2980609055547682
3,106.0,0.07927426627698086,0.25554639412087987,0.3029203846751201
3,107.0,0.04609325137438066,0.22895791428349302,0.30655826820893317
3,108.0,0.005252536997745755,0.20715839541061376,0.3056702323763943
3,109.0,0.009096885917960824,0.18931736557439222,0.30864013742902147
3,110.0,-0.061905197423372735,0.17473747903532522,0.3130988483116789
3,111.0,-0.04107116060778952,0.16283694979140262,0.3140473440983951
3,112.0,-0.02974209173861203,0.15313291795436657,0.31148237344874125
3,113.0,-0.05723301443396704,0.14522630305315334,0.31805579038391846
3,114.0,-0.07542415027294,0.1387883804164869,0.3197096773901504
3,115.0,-0.09150080124691715,0.13354911612630502,0.31968087765101216
3,116.0,-0.1403098593114475,0.12928717767202538,0.3187411191018654
3,117.0,-0.10632275433925674,0.12582147453185943,0.3201032109544836
3,118.0,-0.09616391475111649,0.12300405588192603,0.32176687541337456
3,119.0,-0.09977628327494684,0.12071418775532661,0.32176719370834883
3,120.0,-0.12597517988658585,0.11885343993359862,0.3208584050497205
3,121.0,-0.11353742143074996,0.11734162754546087,0.32663637875007956
3,122.0,-0.06206090838853794,0.11611346990509641,0.3223394816182275
3,123.0,-0.10790268825111142,0.11511584719852234,0.3217668747960071
3,124.0,-0.07122342893947611,0.11430555288243745,0.3220739434045875
3,125.0,-0.0827827119368616,0.11364745540339492,0.3257579731551993
3,126.0,-0.08062695307208964,0.11311299678780422,0.32627581340546363
3,127.0,-0.035183226461569954,0.11267896774802942,0.3226604110723327
3,128.0,-0.1180607368907784,0.11232650928555128,0.3228330352843001
3,129.0,-0.07858467608336148,0.11204029950670073,0.3197748727636677
3,130.0,-0.09283557780658733,0.11180789168570995,0.3248805488873991
3,131.0,-0.0507251238875328,0.111619175703255,0.324434217585959
3,132.0,-0.06904473589967551,0.11146594003589695,0.3225820442750897
3,133.0,-0.05837754806283372,0.11134151563585441,0.3255206350901518
3,134.0,-0.02691805062280199,0.11124048646509227,0.3224781514736693
3,135.0,-0.03913055854144305,0.1111584542570581,0.32890163840199144
3,136.0,-0.027535729005017683,0.11109184737944768,0.3229279534187048
3,137.0,0.004226389806652738,0.11103776555144639,0.32423991872230584
3,138.0,-0.010200294264827436,0.11099385370368349,0.32612890545558737
3,139.0,-0.018280351213297526,0.11095819952076391,0.3233384908383665
3,140.0,-0.008011969785066353,0.11092925022609666,0.32862405890838925
3,141.0,0.01990402364240136,0.1109057449991786,0.32896986711920423
3,142.0,0.046961901306121906,0.11088666009132879,0.32326442416814394
3,143.0,-0.00906517030579329,0.11087116425564103,0.32145602866523737
3,144.0,0.05888120921378431,0.11085858255398603,0.3269163254819357
3,145.0,0.048558061603741653,0.1108483669673339,0.3271928663160367
4,20.0,0.0960761555294692,5.168537882132768,0.0004311620261427083
4,21.0,0.0786693567419465,5.16853737584061,0.003676589364127083
4,22.0,0.07229361122504473,5.168536752279355,0.0017104346940693693
4,23.0,0.1358900079895457,5.168535984286783,0.0008598671560097551
4,24.0,0.08764894361404024,5.168535038409295,0.0
4,25.0,0.06365570444767896,5.168533873444703,0.0022054926147209233
4,26.0,0.09416374461605645,5.1685324386475076,0.0
4,27.0,0.10187421278274741,5.168530671518479,0.0
4,28.0,0.04396599598738071,5.168528495082283,0.0038521762514966695
4,29.0,0.037005152476544186,5.168525814534584,0.0014527970709106676
4,30.0,-0.010060534156724303,5.168522513112565,0.0
4,31.0,0.0412195240020982,5.168518447009079,0.0
4,32.0,0.021614612833270642,5.168513439108874,0.0015757829424793565
4,33.0,0.03231794533121052,5.168507271274211,0.0
4,34.0,0.013828235055107076,5.168499674843889,0.0012882468141749285
4,35.0,-0.03678583404448791,5.168490318932061,7.693373473444034e-05
4,36.0,-0.020315358461702373,5.168478796017422,0.0028876074441041505
4,37.0,-0.0037069572169567584,5.168464604195469,0.0002660589764514902
4,38.0,-0.016017322609292575,5.168447125321464,0.00203431583345797
4,39.0,-0.03717742285865685,5.168425598093001,0.0
4,40.0,-0.05169277715355698,5.168399084901282,0.0
4,41.0,-0.06554024766167589,5.168366431009489,0.0
4,42.0,-0.09833157443825799,5.168326214283727,0.0008787131157024792
4,43.0,-0.03982605094905891,5.16827668329231,1.5903840270043622e-05
4,44.0,-0.07961765205772119,5.168215681085332,0.0
4,45.0,-0.057209511608261515,5.168140551347054,0.0012524826231639788
4,46.0,-0.05895105548152521,5.168048022852284,0.0
4,47.0,-0.10450275009738567,5.167934067222806,0.0
4,48.0,-0.06679573055294685,5.16779372383189,6.185058459675036e-05
4,49.0,-0.06005700295246106,5.167620884296715,0.0
4,50.0,-0.10330447926502337,5.167408027272707,0.0009379855173829181
4,51.0,-0.16212231662914897,5.167145892151411,0.00042847706281332884
4,52.0,-0.11850348564548063,5.166823077681542,0.0015599959292770754
4,53.0,-0.08637520625999923,5.166425548382848,0.0016650088859551733
4,54.0,-0.07629454611388946,5.165936027788166,0.0
4,55.0,-0.06654828523209601,5.1653332528953655,0.0015588635201226819
4,56.0,-0.10412667405584791,5.16459105858296,0.0001400735175657254
4,57.0,-0.06865437434819754,5.163677253968673,0.0057747524887827445
4,58.0,-0.0829069163527599,5.162552244583182,0.0
4,59.0,-0.09117381170892448,5.161167344603452,0.001585395035215066
4,60.0,-0.09310992831593404,5.159462712069481,0.004946396367690543
4,61.0,-0.05766411905400168,5.157364826873463,0.0032839907417579455
4,62.0,-0.08129885155152673,5.154783416344379,0.0014222883368882624
4,63.0,-0.06617664697270854,5.151607716630592,0.0063019149587558694
4,64.0,-0.028274285087969957,5.147701940313548,0.006473700328996616
4,65.0,0.009134288833308614,5.142899802809643,0.00823753640938207
4,66.0,-0.014965672822345408,5.1369979440203215,0.00433884295779572
4,67.0,-0.02934884934250661,5.12974807054792,0.010945513797388813
4,68.0,0.03554044804100326,5.1208476426993315,0.0096994962287837
4,69.0,0.04126293219389523,5.109928947318862,0.012369218496067489
4,70.0,-0.011887008562604308,5.096546443982295,0.014941392095280318
4,71.0,0.05761914898856789,5.080162365243118,0.016800410244882196
4,72.0,0.08246913561918513,5.06013071513706,0.01971005823852021
4,73.0,0.15652479123928975,5.035680075578108,0.022079214099250132
4,74.0,0.20375272691805046,5.005896037151999,0.023915025775496975
4,75.0,0.24108142928309145,4.969704664201423,0.02590451529896439
4,76.0,0.32232247741258296,4.925859227116617,0.03291590253214334
4,77.0,0.3874343231172324,4.872933512290022,0.03694723125500489
4,78.0,0.482736150091644,4.809326329171184,0.0443990368452438
4,79.0,0.6368855658353426,4.73328325566617,0.045992486236719005
4,80.0,0.6894091972538089,4.642942918457684,0.054261799449750785
4,81.0,0.8936006074780634,4.536415682803367,0.0656846966153771
4,82.0,1.012359838033803,4.411901743253431,0.07170244571818785
4,83.0,1.1331579641462686,4.267852263073045,0.07963699936695322
4,84.0,1.3162088795465594,4.103170445063135,0.08890698424354346
4,85.0,1.407532313321106,3.9174388441875427,0.10015550734997285
4,86.0,1.589490255097638,3.7111458288010035,0.10659210229602907
4,87.0,1.6986027815396507,3.485870939510478,0.1191859311835115
4,88.0,1.7700511045191845,3.244381223536892,0.1327968623540313
4,89.0,1.806447061236871,2.9905944872003034,0.14229493239982283
4,90.0,1.8421387596665493,2.7293846988761175,0.1597155736572155
4,91.0,1.900940730103269,2.4662377493041814,0.1697481260241347
4,92.0,1.8165017896139617,2.206803515360367,0.18385029105290476
4,93.0,1.7255440469829408,1.9564191430525297,0.19341626001714546
4,94.0,1.6216961860626584,1.719686859855727,0.21160547815028236
4,95.0,1.5070490934679874,1.500173847927139,0.21739665278742762
4,96.0,1.3723854558675288,1.3002684589377331,0.2279447189803192
4,97.0,1.2111413779987763,1.1211894735293866,0.23888269045608532
4,98.0,1.0812971108234808,0.9631158309255947,0.24970802524882005
4,99.0,0.9045461995438776,0.8253899827787652,0.2548410040174092
4,100.0,0.7643343830431447,0.7067484052290537,0.26744104690047765
4,101.0,0.6014628478919225,0.605542871343726,0.26943335832379894
4,102.0,0.48858400513977335,0.519929796952468,0.2773928485751327
4,103.0,0.4315639998596656,0.448017703215546,0.2852732070608922
4,104.0,0.3169137954051801,0.3879722310425472,0.29265060380650165
4,105.0,0.26546944479097523,0.3380837423821225,0.295253764811583
4,106.0,0.13756167842994774,0.29680499516520187,0.2973919153678565
4,107.0,0.08394811096497834,0.2627666990015306,0.30129234404357064
4,108.0,0.0651937484420898,0.2347778948338822,0.3047180249652927
4,109.0,0.0144783236720737,0.2118167508220609,0.3044908850243154
4,110.0,0.020463615667989432,0.19301595948464906,0.3125483572784288
4,111.0,-0.010521699156139454,0.17764567821537186,0.3087635745497084
4,112.0,-0.07926279323546691,0.16509595880517317,0.3098622464800421
4,113.0,-0.08482653787974884,0.15485986522051903,0.31413063230483684
4,114.0,-0.06826190996855655,0.14651794947635716,0.31314360931801843
4,115.0,-0.08237087448543252,0.13972439801014608,0.32114838473380986
4,116.0,-0.09207830493372218,0.13419493168498386,0.3181750970315762
4,117.0,-0.08084633791664032,0.12969640431099047,0.3187931833602898
4,118.0,-0.08182083305577996,0.12603796839221432,0.3180393051167625
4,119.0,-0.09897428605451167,0.12306364126119429,0.32256575018002676
4,120.0,-0.06088999276895051,0.12064609467218047,0.3176045020458023
4,121.0,-0.0925986367833221,0.11868149589665596,0.3225735489026661
4,122.0,-0.07810709526509341,0.1170852415193781,0.32359138734241005
4,123.0,-0.10605973420759784,0.11578844206434283,0.3215560078153074
4,124.0,-0.11849792096214509,0.11473503357887417,0.32208846643112277
4,125.0,-0.09567265842545318,0.11387940979221234,0.3213015752748797
4,126.0,-0.041969364748369806,0.11318448459781533,0.3224562151272606
4,127.0,-0.09364842603859559,0.11262010900305355,0.32520160096993356
4,128.0,-0.0505342175101377,0.11216177924280189,0.32092644052029384
4,129.0,-0.04504530060000034,0.111789583522154,0.32216777146084874
4,130.0,-0.06819100473802192,0.11148734398041654,0.323390450865217
4,131.0,-0.03569625890643749,0.11124191813355797,0.32469346303995744
4,132.0,-0.03153977728201349,0.1110426304445354,0.32471477417748157
4,133.0,0.01791748817414332,0.11088080997277462,0.32375041154663725
4,134.0,-0.035639130416785667,0.11074941443278859,0.3228688070274559
4,135.0,-0.020855214288128504,0.11064272459604717,0.32617847022397706
4,136.0,-0.029302066247327396,0.11055609592884391,0.3253439220710307
4,137.0,-0.02425005652945308,0.11048575678247137,0.3269793114745251
4,138.0,-0.024352789670641573,0.11042864443388892,0.32565682484240815
4,139.0,0.028344387196715493,0.11038227189352465,0.32561008259337576
4,140.0,-0.014848541747538573,0.11034461971707668,0.32545656533224226
4,141.0,0.04063778090903467,0.11031404813416702,0.3229277828177054
4,142.0,0.04686442339040217,0.11028922568300711,0.3274355731856452
4,143.0,0.06775194586122105,0.11026907125350167,0.3252843326236703
4,144.0,0.00627396528881332,0.11025270702150756,0.32403842416348644
4,145.0,0.05873619194028748,0.11023942022888944,0.32393770717380865
5,20.0,0.11791613254342749,5.088643374158284,0.00183542896606817
5,21.0,0.10857813989248198,5.088642760809544,0.0020610404619822932
5,22.0,0.10717386406278114,5.088642005394943,0.00043006598567987326
5,23.0,0.06604126901438229,5.088641075008776,0.0
5,24.0,0.04239334728868289,5.088639929123654,0.00010638375924795554
5,25.0,0.07115244108506445,5.088638517825172,0.0
5,26.0,0.07030217755090716,5.088636779637693,0.0
5,27.0,0.07448005407931432,5.088634638846566,0.0
5,28.0,0.051790436823318436,5.08863200220013,0.00029898238711537116
5,29.0,0.06582843085970912,5.088628754847882,0.0011221898205905011
5,30.0,0.05267511322936767,5.088624755337896,0.0033865574200696246
5,31.0,0.01017087929458425,5.088619829455666,0.0
5,32.0,0.034958487176766466,5.088613762636047,0.000818724515869352
5,33.0,-0.008095345377125099,5.088606290617883,0.0
5,34.0,0.03630944139069975,5.088597087934468,0.0
5,35.0,0.035473576399053006,5.088585753738741,0.001187784228144239
5,36.0,-0.03063722384869147,5.088571794346216,0.0
5,37.0,-0.009020231051347572,5.088554601735894,0.0
5,38.0,-0.03818948224409098,5.088533427073682,0.0
5,39.0,-0.020615776005993926,5.088507348106536,0.001771948047011153
5,40.0,0.010990508171473554,5.088475229009387,0.0012985713658489376
5,41.0,-0.0947868893643668,5.088435670939333,0.0013610658883822504
5,42.0,-0.06626516440885964,5.088386951148653,0.0
5,43.0,-0.047112056352263336,5.088326948012626,0.002837750053442014
5,44.0,-0.10713168416759924,5.0882530487187765,0.0031073687207603747
5,45.0,-0.058245232246061485,5.0881620356154045,0.0013785358976787902
5,46.0,-0.09080248996835745,5.088049946297328,0.0012461062373469148
5,47.0,-0.08525588638587,5.087911901377609,0.0
5,48.0,-0.09237096383759887,5.087741892508775,0.0
5,49.0,-0.059960755175603106,5.0875325215195675,0.003867321890858845
5,50.0,-0.10945022881992537,5.0872746794552866,0.0
5,51.0,-0.10852564861366057,5.086957151770049,0.0
5,52.0,-0.09275500159136743,5.086566132820751,0.0
5,53.0,-0.10159792099242584,5.086084629040819,0.0
5,54.0,-0.12047492434104215,5.085491725593959,0.003142225704252482
5,55.0,-0.06788028018677758,5.084761685772041,0.002191778402463337
5,56.0,-0.06173594530404182,5.083862845736749,0.002713168645392407
5,57.0,-0.08850026865810517,5.082756259229315,0.004038724004889239
5,58.0,-0.08534598059279755,5.081394037400746,0.003125552620391067
5,59.0,-0.09612068019973585,5.079717317777159,0.0
5,60.0,-0.0937375989731451,5.07765378345118,0.00416299754527468
5,61.0,-0.05694452692970281,5.075114638863677,0.00090023617215923
5,62.0,-0.056436264316724084,5.071990932182973,0.006485644038038616
5,63.0,-0.08269875945947681,5.0681490967972564,0.00465983195045941
5,64.0,-0.0440049880446471,5.063425566833199,0.007894958781847403
5,65.0,-0.010441950407632988,5.057620305752001,0.007649732514426935
5,66.0,-0.025062831208356093,5.050489076072306,0.006335202787598334
5,67.0,-0.013475198493626226,5.041734277131668,0.010732761168727373
5,68.0,-0.009891014260854397,5.0309941942559435,0.013061372665068415
5,69.0,0.04671220318802194,5.01783054831382,0.011186775233663751
5,70.0,0.03617868213689519,5.001714326099869,0.014598362063319228
5,71.0,0.06350736630770384,4.982010032602911,0.017414737188247847
5,72.0,0.0858806456804286,4.957958767008973,0.022425059338072647
5,73.0,0.14071677948697547,4.928660924149861,0.02275466075700828
5,74.0,0.19218119321052482,4.893059906399558,0.025708567339620007
5,75.0,0.3072176506732846,4.84992904022684,0.03051585805136242
5,76.0,0.3435036965156637,4.797864951377417,0.0341992859382436
5,77.0,0.435566067800756,4.735291940548914,0.04446942660352846
5,78.0,0.5244948218904094,4.660483301222607,0.05072566758123078
5,79.0,0.690460961412548,4.5716067589083,0.05834049069655753
5,80.0,0.7867692604841133,4.46680178462041,0.06043508468693737
5,81.0,0.8739101491222006,4.344295674488706,0.06765418130408207
5,82.0,1.0553719364627823,4.202562008600605,0.07812510128308611
5,83.0,1.2249568542855982,4.040518458303951,0.08781277424888656
5,84.0,1.421229532203642,3.857750518328828,0.10273091290139197
5,85.0,1.5091584961817797,3.6547345511332,0.1104932253702703
5,86.0,1.679502225022186,3.433020565243081,0.1202992073197098
5,87.0,1.7468612232657081,3.1953275589408463,0.1331113458076599
5,88.0,1.7981836222124858,2.945508003213361,0.1441874997507372
5,89.0,1.8571298217346144,2.688356959897933,0.1581429960400624
5,90.0,1.8420072214795633,2.4292737499052652,0.1701610757105677
5,91.0,1.79253106315746,2.173821249530102,0.18535384926658613
5,92.0,1.7015455878356032,1.9272564834127195,0.19740066471250106
5,93.0,1.560289960721814,1.6941145538388447,0.20565033802339738
5,94.0,1.4815406766132115,1.4779125104074247,0.21893859002815153
5,95.0,1.318736151842892,1.2810070778521863,0.22627964002331583
5,96.0,1.1559658388144283,1.1046031513861134,0.2418257261000504
5,97.0,1.028693684006749,0.94888108715128,0.2498295851187788
5,98.0,0.8218106630250841,0.8131966943409209,0.2609713206220963
5,99.0,0.6872972998045828,0.6963081537054971,0.26629531992740335
5,100.0,0.5352022004660302,0.5965939705771136,0.2729628225431071
5,101.0,0.4337181307764,0.5122395651174209,0.2783563349846651
5,102.0,0.33828752684946223,0.44138264720547143,0.2864408171083811
5,103.0,0.2684439700620812,0.38221678685460353,0.29165752909486314
5,104.0,0.23618726821498504,0.33305812023027875,0.2929205566847634
5,105.0,0.1263707045841286,0.2923825569442462,0.2995352192896316
5,106.0,0.032281143904751286,0.2588411768504001,0.30092622716857204
5,107.0,0.051181517033600694,0.23126065751805763,0.30374866161642605
5,108.0,0.04191142735399408,0.2086342445322184,0.3046084288139158
5,109.0,-0.004757378196532117,0.190107390914733,0.31130245250547955
5,110.0,0.005437348183957691,0.17496096727801314,0.3103986690139034
5,111.0,-0.07121989806073495,0.1625939621040928,0.31153183815461405
5,112.0,-0.0166307584070264,0.1525068556507555,0.3175928729607234
5,113.0,-0.06604060028490435,0.1442863288957172,0.316131061676576
5,114.0,-0.08353230212876114,0.13759161636323286,0.3195745026473573
5,115.0,-0.07765679451740974,0.13214258546455998,0.3189374417637884
5,116.0,-0.09422284857975703,0.12770948854918945,0.32174132905112146
5,117.0,-0.06976698588528804,0.12410425863754643,0.3172769089389072
5,118.0,-0.10859745693874041,0.12117318466807778,0.3186882202571002
5,119.0,-0.1117313841894845,0.11879079206992248,0.3208352394875068
5,120.0,-0.06518644870340662,0.11685475931888038,0.3218456467722805
5,121.0,-0.09370541611557813,0.11528171406067422,0.3229415506654359
5,122.0,-0.1253072028235102,0.11400376904525168,0.3234462108608448
5,123.0,-0.09679840082115088,0.11296567583587151,0.32092740745146875
5,124.0,-0.08098918540938022,0.11212249147909867,0.32280793568793276
5,125.0,-0.131156530365251,0.11143766921238979,0.32671675540398415
5,126.0,-0.09517852670822888,0.11088149846597074,0.32562249758572265
5,127.0,-0.07488814804519936,0.11042983178258853,0.3238252902457599
5,128.0,-0.06974387223306738,0.11006304688859195,0.3254702819826856
5,129.0,-0.10680085328143706,0.10976520114251809,0.3270537969868381
5,130.0,-0.04606322858449398,0.10952334313993711,0.3215899303770213
5,131.0,-0.025506099513841196,0.10932695255196027,0.31993324557680797
5,132.0,-0.06720687942836132,0.10916748449914897,0.32444041148820135
5,133.0,-0.014775556900195913,0.10903799907732525,0.32615288590121244
5,134.0,-0.037006299523304476,0.10893286020332399,0.324987404827304
5,135.0,-0.08338236036668571,0.10884749086422174,0.32558353466255663
5,136.0,0.017024492647454186,0.10877817424182666,0.32416154718465157
5,137.0,0.001747827266437723,0.10872189213722004,0.3213496107628108
5,138.0,-0.0005691309090467053,0.10867619371503333,0.3267088228923335
5,139.0,0.01593942693768748,0.10863908888815123,0.32557066297406767
5,140.0,0.02962961372033981,0.10860896172386228,0.32283291983913387
5,141.0,-0.015782285573795473,0.10858450011603456,0.32531742361865756
5,142.0,0.02269490019578917,0.10856463867078578,0.32518114774981277
5,143.0,0.024486009542498202,0.10854851232496704,0.3262720301146304
5,144.0,0.028226312175742403,0.10853541868184138,0.3240173131386532
5,145.0,0.07105242273196201,0.1085247874264377,0.3236116558526634
